CustomerID,FirstName,LastName,Date_of_Birth,City,State,Country,PostalCode,Phone,Email,DateEntered
57081,James,Smith,1987-03-26 00:00:00,New York,New York,United States,280862,9638483934,James.Smith@gmail.com,2020-01-02 00:00:00
57082,Robert,Downey Jr,1973-05-24 00:00:00,New York,New York,United States,376573,6588282115,Robert.Downey Jr@gmail.com,2020-01-06 00:00:00
57083,John,Williams,1990-04-14 00:00:00,Chicago,Illinois,United States,485629,7641021429,John.Williams@gmail.com,2020-01-11 00:00:00
57084,Michael,Johnson,1953-03-25 00:00:00,Brisbane,Queensland,Australia,260866,7354232181,Michael.Johnson@gmail.com,2020-01-16 00:00:00
57085,Steve,Williams,1971-04-24 00:00:00,Bremen,Bremen,Germany,740338,6285552036,Steve.Williams@gmail.com,2020-01-17 00:00:00
57086,David,Beckham,1965-10-18 00:00:00,Villach,Carinthia,Austria,621492,7756781677,David.Beckham@gmail.com,2020-01-20 00:00:00
57087,Richard,Brown,1958-12-16 00:00:00,San Antonio,Texas,United States,110945,8420993031,Richard.Brown@gmail.com,2020-01-20 00:00:00
57088,Joseph,James,1967-08-27 00:00:00,Amsterdam,North Holland,Netherlands,186896,6691466381,Joseph.James@gmail.com,2020-01-25 00:00:00
57089,Thomas,Jones,1950-04-30 00:00:00,Dallas,Texas,United States,174080,8024463594,Thomas.Jones@gmail.com,2020-01-26 00:00:00
57090,Charles,King,1993-06-24 00:00:00,Warsaw,Masovian,Poland,589838,8498546902,Charles.King@gmail.com,2020-01-27 00:00:00
57091,Christopher,Garcia,1988-03-21 00:00:00,Austin,Texas,United States,772795,9610580408,Christopher.Garcia@gmail.com,2020-02-03 00:00:00
57092,Daniel,Rensch,1966-02-10 00:00:00,Dublin,Dublin,Ireland,189723,7947018222,Daniel.Rensch@gmail.com,2020-02-03 00:00:00
57093,Matthew,Miller,1971-06-03 00:00:00,Brisbane,Queensland,Australia,901170,7764122382,Matthew.Miller@gmail.com,2020-02-04 00:00:00
57094,Anthony,James,1957-04-12 00:00:00,Brussels,Brussels-Capital,Belgium,322713,9371469569,Anthony.James@gmail.com,2020-02-07 00:00:00
57095,Mark,Davis,1960-03-13 00:00:00,Brussels,Brussels-Capital,Belgium,943158,8396048181,Mark.Davis@gmail.com,2020-02-09 00:00:00
57096,Donald,Rodriguez,1952-01-29 00:00:00,Patras,Western Greece,Greece,127461,9919606399,Donald.Rodriguez@gmail.com,2020-02-09 00:00:00
57097,Steven,Smith,1995-07-13 00:00:00,Braga,Braga,Portugal,531783,7287587361,Steven.Smith@gmail.com,2020-02-10 00:00:00
57098,Paul,Walker,1960-09-21 00:00:00,Seattle,Washington,United States,427696,8892185286,Paul.Walker@gmail.com,2020-02-11 00:00:00
57099,Andrew,Martinez,1998-03-04 00:00:00,Bruges,West Flanders,Belgium,717216,9289999420,Andrew.Martinez@gmail.com,2020-02-11 00:00:00
57100,Joshua,Fernandez,1994-05-07 00:00:00,Braga,Braga,Portugal,700077,7810204569,Joshua.Fernandez@gmail.com,2020-02-13 00:00:00
57101,Kenneth,Hernandez,1987-08-07 00:00:00,Belfast,Belfast,Northern Ireland,462012,6036253941,Kenneth.Hernandez@gmail.com,2020-02-14 00:00:00
57102,Kevin,Hart,1967-04-02 00:00:00,Galway,Galway,Ireland,343088,6130341879,Kevin.Hart@gmail.com,2020-02-16 00:00:00
57103,Brian,Lopez,1952-01-26 00:00:00,Bremen,Bremen,Germany,627019,8605500276,Brian.Lopez@gmail.com,2020-02-17 00:00:00
57104,George,Clooney,1970-07-05 00:00:00,Amsterdam,North Holland,Netherlands,811771,9515240360,George.Clooney@gmail.com,2020-02-18 00:00:00
57105,Edward,Gonzalez,1972-07-08 00:00:00,Patras,Western Greece,Greece,588452,9234402314,Edward.Gonzalez@gmail.com,2020-02-20 00:00:00
57106,Ronald,Reagan,1976-11-09 00:00:00,Bucharest,Bucharest,Romania,335722,9379225699,Ronald.Reagan@gmail.com,2020-02-21 00:00:00
57107,Timothy,Wilson,1970-05-29 00:00:00,Zurich,Zurich,Switzerland,884138,8426394400,Timothy.Wilson@gmail.com,2020-02-22 00:00:00
57108,Jason,Derulo,1989-02-27 00:00:00,San Francisco,California,United States,581225,7263791644,Jason.Derulo@gmail.com,2020-02-22 00:00:00
57109,Jeffrey,Anderson,1996-03-12 00:00:00,Houston,Texas,United States,331823,7768296308,Jeffrey.Anderson@gmail.com,2020-02-23 00:00:00
57110,Ryan,Reynolds,1954-03-07 00:00:00,Brisbane,Queensland,Australia,610116,6704627597,Ryan.Reynolds@gmail.com,2020-02-25 00:00:00
57111,Jacob,Thomas,1974-03-15 00:00:00,Houston,Texas,United States,984201,8083693716,Jacob.Thomas@gmail.com,2020-02-27 00:00:00
57112,Gary,Kirsten,1974-08-04 00:00:00,Villach,Carinthia,Austria,380913,6949489670,Gary.Kirsten@gmail.com,2020-02-28 00:00:00
57113,Nicholas,Taylor,1980-06-01 00:00:00,Brisbane,Queensland,Australia,181308,6456674222,Nicholas.Taylor@gmail.com,2020-02-28 00:00:00
57114,Eric,Rosen,1962-12-20 00:00:00,Amsterdam,North Holland,Netherlands,304934,7552732635,Eric.Rosen@gmail.com,2020-03-01 00:00:00
57115,Jonathan,Moore,1970-10-30 00:00:00,Namur,Namur,Belgium,461400,7933090166,Jonathan.Moore@gmail.com,2020-03-02 00:00:00
57116,Stephen,Cole,1999-03-16 00:00:00,Warsaw,Masovian,Poland,930079,7949241495,Stephen.Cole@gmail.com,2020-03-02 00:00:00
57117,Larry,Wheels,1976-02-28 00:00:00,Braga,Braga,Portugal,584242,7697128584,Larry.Wheels@gmail.com,2020-03-03 00:00:00
57118,Justin,Bieber,1969-08-20 00:00:00,Zurich,Zurich,Switzerland,366457,9101727858,Justin.Bieber@gmail.com,2020-03-04 00:00:00
57119,Scott,Martin,1966-01-14 00:00:00,Villach,Carinthia,Austria,776829,7138788538,Scott.Martin@gmail.com,2020-03-04 00:00:00
57120,Brandon,James,1972-12-20 00:00:00,Los Angeles,California,United States,175106,9787293840,Brandon.James@gmail.com,2020-03-06 00:00:00
57121,Benjamin,Lee,1992-10-22 00:00:00,Dublin,Dublin,Ireland,909426,9945527365,Benjamin.Lee@gmail.com,2020-03-07 00:00:00
57122,Samuel,Jackson,1973-01-28 00:00:00,Cluj-Napoca,Cluj,Romania,118168,8670725681,Samuel.Jackson@gmail.com,2020-03-07 00:00:00
57123,Gregory,Perez,1993-05-06 00:00:00,Braga,Braga,Portugal,460978,8204016277,Gregory.Perez@gmail.com,2020-03-07 00:00:00
57124,Anne,Frank,1982-05-09 00:00:00,Belfast,Belfast,Northern Ireland,765669,6694563730,Anne.Frank@gmail.com,2020-03-08 00:00:00
57125,Alexander,Thompson,1983-11-30 00:00:00,Patras,Western Greece,Greece,506559,7083288108,Alexander.Thompson@gmail.com,2020-03-09 00:00:00
57126,Raymond,Jose,1962-10-30 00:00:00,Belfast,Belfast,Northern Ireland,890581,6253507332,Raymond.Jose@gmail.com,2020-03-11 00:00:00
57127,Patrick,White,1990-06-24 00:00:00,Los Angeles,California,United States,307718,8148723882,Patrick.White@gmail.com,2020-03-12 00:00:00
57128,Jack,Daniels,1976-12-17 00:00:00,Galway,Galway,Ireland,975442,8929570636,Jack.Daniels@gmail.com,2020-03-12 00:00:00
57129,Dennis,Harris,1979-09-05 00:00:00,Jacksonville,Florida,United States,169153,7449968403,Dennis.Harris@gmail.com,2020-03-12 00:00:00
57130,Jerry,James,1975-01-31 00:00:00,Los Angeles,California,United States,436092,7123499285,Jerry.James@gmail.com,2020-03-14 00:00:00
57131,Tyler,Sanchez,1980-08-04 00:00:00,Belfast,Belfast,Northern Ireland,834818,7520143838,Tyler.Sanchez@gmail.com,2020-03-16 00:00:00
57132,Aaron,Paul,1976-10-13 00:00:00,Namur,Namur,Belgium,322042,8668707337,Aaron.Paul@gmail.com,2020-03-17 00:00:00
57133,Jose,Clark,1952-08-04 00:00:00,Zurich,Zurich,Switzerland,983786,6166296814,Jose.Clark@gmail.com,2020-03-17 00:00:00
57134,Adam,Levin,1994-07-06 00:00:00,San Diego,California,United States,529879,7460297856,Adam.Levin@gmail.com,2020-03-19 00:00:00
57135,Henry,Ramirez,1995-10-15 00:00:00,Dublin,Dublin,Ireland,984321,7832034415,Henry.Ramirez@gmail.com,2020-03-22 00:00:00
57136,Nathan,Lyon,1951-05-13 00:00:00,Moscow,Moscow,Russia,112502,8339996679,Nathan.Lyon@gmail.com,2020-03-23 00:00:00
57137,Douglas,Lewis,1971-02-16 00:00:00,Saint Petersburg,Saint Petersburg,Russia,414656,9345421035,Douglas.Lewis@gmail.com,2020-03-23 00:00:00
57138,Zachary,Chan,1992-01-14 00:00:00,Novosibirsk,Novosibirsk Oblast,Russia,549797,6076967342,Zachary.Chan@gmail.com,2020-03-24 00:00:00
57139,Peter,Robinson,1991-03-18 00:00:00,Yekaterinburg,Sverdlovsk Oblast,Russia,635034,7563588593,Peter.Robinson@gmail.com,2020-03-25 00:00:00
57140,Kyle,Jamieson,1971-03-15 00:00:00,Phoenix,Arizona,United States,477771,6465884982,Kyle.Jamieson@gmail.com,2020-03-27 00:00:00
57141,Walter,White,1989-05-01 00:00:00,Timisoara,Timis,Romania,629138,7887809331,Walter.White@gmail.com,2020-03-27 00:00:00
57142,Ethan,Hunt,1961-06-18 00:00:00,Zurich,Zurich,Switzerland,935721,8581240635,Ethan.Hunt@gmail.com,2020-03-27 00:00:00
57143,Jeremy,Young,1992-02-14 00:00:00,Belfast,Belfast,Northern Ireland,538947,6509146323,Jeremy.Young@gmail.com,2020-03-28 00:00:00
57144,Harold,Washington,1991-03-19 00:00:00,San Francisco,California,United States,962549,6397030826,Harold.Washington@gmail.com,2020-04-06 00:00:00
57145,Keith,Allen,1991-06-03 00:00:00,Braga,Braga,Portugal,417419,7777894349,Keith.Allen@gmail.com,2020-04-06 00:00:00
57146,Christian,Joseph,1987-07-21 00:00:00,Fort Worth,Texas,United States,551928,8682658662,Christian.Joseph@gmail.com,2020-04-07 00:00:00
57147,Roger,Federer,1972-11-10 00:00:00,Brisbane,Queensland,Australia,673551,8055004698,Roger.Federer@gmail.com,2020-04-07 00:00:00
57148,Noah,King,1952-10-29 00:00:00,Amsterdam,North Holland,Netherlands,505262,8760453027,Noah.King@gmail.com,2020-04-08 00:00:00
57149,Gerald,Gun,1969-02-22 00:00:00,Warsaw,Masovian,Poland,697255,7148208542,Gerald.Gun@gmail.com,2020-04-08 00:00:00
57150,Carl,Wright,1987-11-14 00:00:00,Los Angeles,California,United States,414899,8861591218,Carl.Wright@gmail.com,2020-04-08 00:00:00
57151,Terry,Crews,1990-07-24 00:00:00,San Jose,California,United States,122849,8869775183,Terry.Crews@gmail.com,2020-04-10 00:00:00
57152,Sean,Scott,1966-11-25 00:00:00,Patras,Western Greece,Greece,677007,9011807962,Sean.Scott@gmail.com,2020-04-10 00:00:00
57153,Austin,Emerson,1997-11-23 00:00:00,Los Angeles,California,United States,323529,7849411743,Austin.Emerson@gmail.com,2020-04-10 00:00:00
57154,Arthur,Torres,1957-04-30 00:00:00,New York,New York,United States,603298,7244987442,Arthur.Torres@gmail.com,2020-04-10 00:00:00
57155,Lawrence,Fletcher,1977-10-14 00:00:00,Los Angeles,California,United States,261270,9529894848,Lawrence.Fletcher@gmail.com,2020-04-13 00:00:00
57156,Jesse,Nguyen,1976-12-15 00:00:00,Bremen,Bremen,Germany,148076,7172974188,Jesse.Nguyen@gmail.com,2020-04-13 00:00:00
57157,Bob,Dylan,1976-04-20 00:00:00,New York,New York,United States,741510,8862273711,Bob.Dylan@gmail.com,2020-04-13 00:00:00
57158,Bryan,Hill,1983-10-03 00:00:00,Columbus,Ohio,United States,936908,9287611748,Bryan.Hill@gmail.com,2020-04-14 00:00:00
57159,Joe,Rogen,1980-05-06 00:00:00,Iasi,Iasi,Romania,116738,7762054378,Joe.Rogen@gmail.com,2020-04-14 00:00:00
57160,Jordan,Flores,1984-03-27 00:00:00,Zurich,Zurich,Switzerland,515923,7652526059,Jordan.Flores@gmail.com,2020-04-15 00:00:00
57161,Billy,Johnson,1955-03-21 00:00:00,San Francisco,California,United States,332581,6610324263,Billy.Johnson@gmail.com,2020-04-15 00:00:00
57162,Bruce,Green,1994-09-17 00:00:00,Galway,Galway,Ireland,996957,9736424586,Bruce.Green@gmail.com,2020-04-15 00:00:00
57163,Albert,Black,1975-03-12 00:00:00,Houston,Texas,United States,531839,8269461310,Albert.Black@gmail.com,2020-04-16 00:00:00
57164,Willie,Adams,1955-10-06 00:00:00,Indianapolis,Indiana,United States,559462,6988086267,Willie.Adams@gmail.com,2020-04-18 00:00:00
57165,Gabriel,Thomas,1995-06-10 00:00:00,Saint Petersburg,Saint Petersburg,Russia,501708,7079545540,Gabriel.Thomas@gmail.com,2020-04-18 00:00:00
57166,Logan,Nelson,1964-05-20 00:00:00,Zurich,Zurich,Switzerland,661527,8359677337,Logan.Nelson@gmail.com,2020-04-19 00:00:00
57167,Alan,Walker,1999-05-01 00:00:00,Houston,Texas,United States,425321,7519015025,Alan.Walker@gmail.com,2020-04-20 00:00:00
57168,Juan,Baker,1977-07-20 00:00:00,Charlotte,North Carolina,United States,581120,8415952763,Juan.Baker@gmail.com,2020-04-22 00:00:00
57169,Wayne,Rooney,1980-10-14 00:00:00,New York,New York,United States,947006,8624133573,Wayne.Rooney@gmail.com,2020-04-23 00:00:00
57170,Roy,Hall,1962-08-17 00:00:00,Brussels,Brussels-Capital,Belgium,646642,8051193858,Roy.Hall@gmail.com,2020-04-24 00:00:00
57171,Ralph,Lauren,1982-11-05 00:00:00,Belfast,Belfast,Northern Ireland,980093,8401622701,Ralph.Lauren@gmail.com,2020-04-27 00:00:00
57172,Randy,Rivera,1960-06-25 00:00:00,Braga,Braga,Portugal,660301,8364802085,Randy.Rivera@gmail.com,2020-04-27 00:00:00
57173,Eugene,White,1990-11-27 00:00:00,San Francisco,California,United States,333520,6435013361,Eugene.White@gmail.com,2020-04-27 00:00:00
57174,Vincent,Campbell,1993-07-11 00:00:00,Zurich,Zurich,Switzerland,776141,8174218786,Vincent.Campbell@gmail.com,2020-05-01 00:00:00
57175,Russell,Peters,1996-02-15 00:00:00,Denver,Colorado,United States,548425,8338046052,Russell.Peters@gmail.com,2020-05-04 00:00:00
57176,Elijah,Mitchell,1971-06-29 00:00:00,Novosibirsk,Novosibirsk Oblast,Russia,369738,7286676080,Elijah.Mitchell@gmail.com,2020-05-04 00:00:00
57177,Louis,Hamilton,1978-07-17 00:00:00,Amsterdam,North Holland,Netherlands,365689,7870450005,Louis.Hamilton@gmail.com,2020-05-05 00:00:00
57178,Bobby,Ashley,1952-07-27 00:00:00,Warsaw,Masovian,Poland,851589,9388118858,Bobby.Ashley@gmail.com,2020-05-07 00:00:00
57179,Philip,Carter,1990-01-04 00:00:00,Geneva,Geneve,Switzerland,370260,9187822021,Philip.Carter@gmail.com,2020-05-07 00:00:00
57180,Johnny,Walker,1983-12-31 00:00:00,Los Angeles,California,United States,999674,9679867348,Johnny.Walker@gmail.com,2020-05-10 00:00:00
57181,Mary,Jane Watson,1995-09-19 00:00:00,Charlotte,North Carolina,United States,815970,8195750230,Mary.Jane Watson@gmail.com,2020-05-11 00:00:00
57182,Patricia,Roberts,1987-06-06 00:00:00,Los Angeles,California,United States,757267,8705129478,Patricia.Roberts@gmail.com,2020-05-12 00:00:00
57183,Jennifer,Lawrence,1976-01-11 00:00:00,Charlotte,North Carolina,United States,346297,6228956729,Jennifer.Lawrence@gmail.com,2020-05-12 00:00:00
57184,Linda,Jones,1988-01-20 00:00:00,Moscow,Moscow,Russia,693878,7724723906,Linda.Jones@gmail.com,2020-05-13 00:00:00
57185,Elizabeth,Emerson,1965-04-01 00:00:00,Saint Petersburg,Saint Petersburg,Russia,120668,6751710453,Elizabeth.Emerson@gmail.com,2020-05-13 00:00:00
57186,Barbara,Corcoran,1958-12-01 00:00:00,Patras,Western Greece,Greece,714637,9153245242,Barbara.Corcoran@gmail.com,2020-05-17 00:00:00
57187,Susan,Jones,1987-07-21 00:00:00,Timisoara,Timis,Romania,793999,6511250967,Susan.Jones@gmail.com,2020-05-18 00:00:00
57188,Jessica,James,1989-11-10 00:00:00,Basel,Basel,Switzerland,426248,9644798731,Jessica.James@gmail.com,2020-05-19 00:00:00
57189,Sarah,Hunt,1978-05-24 00:00:00,Zurich,Zurich,Switzerland,598317,8169119239,Sarah.Hunt@gmail.com,2020-05-20 00:00:00
57190,Karen,Ramirez,1961-01-14 00:00:00,Bucharest,Bucharest,Romania,495737,9175259523,Karen.Ramirez@gmail.com,2020-05-21 00:00:00
57191,Nancy,Lyon,1995-09-14 00:00:00,San Francisco,California,United States,841652,8046268061,Nancy.Lyon@gmail.com,2020-05-22 00:00:00
57192,Lisa,Lewis,1979-09-24 00:00:00,Philadelphia,Pennsylvania,United States,937031,9722178360,Lisa.Lewis@gmail.com,2020-05-22 00:00:00
57193,Betty,Chan,1982-05-16 00:00:00,Yekaterinburg,Sverdlovsk Oblast,Russia,580765,7969280314,Betty.Chan@gmail.com,2020-05-23 00:00:00
57194,Margaret,Robinson,1996-04-04 00:00:00,Amsterdam,North Holland,Netherlands,515591,8772863443,Margaret.Robinson@gmail.com,2020-05-23 00:00:00
57195,Sandra,Jamieson,1988-07-04 00:00:00,Zurich,Zurich,Switzerland,383353,8582114644,Sandra.Jamieson@gmail.com,2020-06-02 00:00:00
57196,Ashley,White,1998-02-10 00:00:00,New York,New York,United States,803691,9837229493,Ashley.White@gmail.com,2020-06-03 00:00:00
57197,Kimberly,Hunt,1952-06-14 00:00:00,Belfast,Belfast,Northern Ireland,772640,6738178463,Kimberly.Hunt@gmail.com,2020-06-03 00:00:00
57198,Emily,Young,1987-09-24 00:00:00,Houston,Texas,United States,949975,8408622873,Emily.Young@gmail.com,2020-06-04 00:00:00
57199,Donna,Washington,1960-07-18 00:00:00,Villach,Carinthia,Austria,126045,6121357995,Donna.Washington@gmail.com,2020-06-05 00:00:00
57200,Michelle,Allen,1982-08-31 00:00:00,Houston,Texas,United States,243022,8469408570,Michelle.Allen@gmail.com,2020-06-05 00:00:00
57201,Dorothy,Joseph,1960-04-08 00:00:00,Galway,Galway,Ireland,570970,8034566337,Dorothy.Joseph@gmail.com,2020-06-05 00:00:00
57202,Carol,Federer,1994-10-20 00:00:00,Yekaterinburg,Sverdlovsk Oblast,Russia,766798,6807556287,Carol.Federer@gmail.com,2020-06-07 00:00:00
57203,Amanda,King,1974-09-08 00:00:00,San Francisco,California,United States,908686,6875562925,Amanda.King@gmail.com,2020-06-10 00:00:00
57204,Melissa,Clooney,1991-12-31 00:00:00,Gurgaon,Haryana,India,128305,8287186662,Melissa.Clooney@gmail.com,2020-06-10 00:00:00
57205,Deborah,Gonzalez,1984-01-19 00:00:00,Jacksonville,Florida,United States,883473,8289906933,Deborah.Gonzalez@gmail.com,2020-06-12 00:00:00
57206,Stephanie,Reagan,1997-02-06 00:00:00,Hesse,Wiesbaden,Germany,616854,9053942718,Stephanie.Reagan@gmail.com,2020-06-12 00:00:00
57207,Rebecca,Wilson,1954-05-24 00:00:00,Brussels,Brussels-Capital,Belgium,363155,6010084617,Rebecca.Wilson@gmail.com,2020-06-13 00:00:00
57208,Sharon,Derulo,1975-01-02 00:00:00,Zurich,Zurich,Switzerland,658149,9771547842,Sharon.Derulo@gmail.com,2020-06-16 00:00:00
57209,Laura,Anderson,1977-12-25 00:00:00,Warsaw,Masovian,Poland,281403,6180762848,Laura.Anderson@gmail.com,2020-06-17 00:00:00
57210,Cynthia,Reynolds,1996-04-29 00:00:00,Lausanne,Lausanne,Switzerland,202875,8757897967,Cynthia.Reynolds@gmail.com,2020-06-18 00:00:00
57211,Kathleen,Thomas,1960-09-20 00:00:00,Denver,Colorado,United States,916703,8317912235,Kathleen.Thomas@gmail.com,2020-06-20 00:00:00
57212,Amy,Kirsten,1991-11-08 00:00:00,Yekaterinburg,Sverdlovsk Oblast,Russia,532105,7758924386,Amy.Kirsten@gmail.com,2020-06-21 00:00:00
57213,Shirley,Taylor,1993-05-23 00:00:00,Gurgaon,Haryana,India,710807,8301878470,Shirley.Taylor@gmail.com,2020-06-27 00:00:00
57214,Angela,Rosen,1965-05-14 00:00:00,Patras,Western Greece,Greece,634543,7570159009,Angela.Rosen@gmail.com,2020-06-27 00:00:00
57215,Helen,Keller,1973-09-16 00:00:00,New York,New York,United States,706545,9871513092,Helen.Keller@gmail.com,2020-07-01 00:00:00
57216,Anna,Downey,1974-10-30 00:00:00,Galway,Galway,Ireland,572235,6355840254,Anna.Downey@gmail.com,2020-07-02 00:00:00
57217,Brenda,Williams,1951-04-13 00:00:00,Varanasi,Uttar Pradesh,India,564691,7440859268,Brenda.Williams@gmail.com,2020-07-02 00:00:00
57218,Pamela,Johnson,1969-04-18 00:00:00,Gurgaon,Haryana,India,681558,9952427264,Pamela.Johnson@gmail.com,2020-07-03 00:00:00
57219,Nicole,Williams,1999-04-29 00:00:00,Amritsar,Punjab,India,188604,7736783821,Nicole.Williams@gmail.com,2020-07-09 00:00:00
57220,Emma,Beckham,1997-12-15 00:00:00,Patras,Western Greece,Greece,279516,7368939317,Emma.Beckham@gmail.com,2020-07-10 00:00:00
57221,Samantha,Lee,1987-03-31 00:00:00,Denver,Colorado,United States,587794,7353007738,Samantha.Lee@gmail.com,2020-07-12 00:00:00
57222,Katherine,Clark,1988-04-22 00:00:00,Amsterdam,North Holland,Netherlands,956840,8864524394,Katherine.Clark@gmail.com,2020-07-17 00:00:00
57223,Christine,Adams,1957-02-27 00:00:00,Timisoara,Timis,Romania,674492,6993371396,Christine.Adams@gmail.com,2020-07-22 00:00:00
57224,Debra,Nelson,1955-09-08 00:00:00,Denver,Colorado,United States,329286,8210480859,Debra.Nelson@gmail.com,2020-07-28 00:00:00
57225,Rachel,Torres,1959-07-16 00:00:00,Zurich,Zurich,Switzerland,945576,7657531195,Rachel.Torres@gmail.com,2020-08-03 00:00:00
57226,Catherine,Green,1979-05-25 00:00:00,Villach,Carinthia,Austria,197618,6908522160,Catherine.Green@gmail.com,2020-08-03 00:00:00
57227,Carolyn,Forres,1970-10-01 00:00:00,San Francisco,California,United States,123473,8590782836,Carolyn.Forres@gmail.com,2020-08-06 00:00:00
57228,Janet,Hill,1961-11-07 00:00:00,Faridabad,Haryana,India,290919,7180792577,Janet.Hill@gmail.com,2020-08-08 00:00:00
57229,Ruth,Carter,1971-05-24 00:00:00,Hamburg,Hamburg,Germany,439471,8323993680,Ruth.Carter@gmail.com,2020-08-09 00:00:00
57230,Maria,Robins,1985-01-12 00:00:00,New York,New York,United States,863411,9473913464,Maria.Robins@gmail.com,2020-08-10 00:00:00
57231,Heather,Phillips,1960-02-22 00:00:00,Warsaw,Masovian,Poland,949451,7979859001,Heather.Phillips@gmail.com,2020-08-12 00:00:00
57232,Diane,Morgan,1953-11-13 00:00:00,San Francisco,California,United States,703466,9095575459,Diane.Morgan@gmail.com,2020-08-16 00:00:00
57233,Virginia,Cook,1988-08-11 00:00:00,Houston,Texas,United States,691595,9190541428,Virginia.Cook@gmail.com,2020-08-16 00:00:00
57234,Julie,Botham,1951-03-16 00:00:00,Timisoara,Timis,Romania,436797,9556799110,Julie.Botham@gmail.com,2020-08-17 00:00:00
57235,Joyce,Ryder,1998-09-01 00:00:00,Faridabad,Haryana,India,176968,8994343494,Joyce.Ryder@gmail.com,2020-08-20 00:00:00
57236,Victoria,Queen,1971-12-03 00:00:00,Galway,Galway,Ireland,151232,8417363453,Victoria.Queen@gmail.com,2020-08-22 00:00:00
57237,Olivia,Olsen,1974-01-13 00:00:00,Jacksonville,Florida,United States,653844,6053084449,Olivia.Olsen@gmail.com,2020-08-23 00:00:00
57238,Kelly,Clarkson,1995-02-18 00:00:00,Hamburg,Hamburg,Germany,195409,6179968697,Kelly.Clarkson@gmail.com,2020-08-25 00:00:00
57239,Christina,Aguilera,1998-03-12 00:00:00,Brussels,Brussels-Capital,Belgium,494735,8117434671,Christina.Aguilera@gmail.com,2020-08-26 00:00:00
57240,Lauren,Gottileb,1993-01-27 00:00:00,Paris,Île-de-France,France,361087,8366844510,Lauren.Gottileb@gmail.com,2020-09-04 00:00:00
57241,Joan,Benet,1982-08-01 00:00:00,Moscow,Moscow,Russia,318647,9087276702,Joan.Benet@gmail.com,2020-09-04 00:00:00
57242,Evelyn,Mendoza,1952-11-21 00:00:00,Athens,Attica,Greece,621713,7719663090,Evelyn.Mendoza@gmail.com,2020-09-06 00:00:00
57243,Judith,Hugh,1988-07-10 00:00:00,Bucharest,Bucharest,Romania,610391,7053364959,Judith.Hugh@gmail.com,2020-09-06 00:00:00
57244,Megan,Benner,1970-02-16 00:00:00,Zurich,Zurich,Switzerland,186737,8931159199,Megan.Benner@gmail.com,2020-09-07 00:00:00
57245,Cheryl,Lewis,1974-06-12 00:00:00,Denver,Colorado,United States,921659,7712791109,Cheryl.Lewis@gmail.com,2020-09-10 00:00:00
57246,Andrea,Botez,1991-01-24 00:00:00,Faridabad,Haryana,India,630912,7948710357,Andrea.Botez@gmail.com,2020-09-10 00:00:00
57247,Hannah,Montana,1975-02-08 00:00:00,Montpellier,Occitanie,France,806001,6434207090,Hannah.Montana@gmail.com,2020-09-11 00:00:00
57248,Martha,Patterson,1988-05-18 00:00:00,New York,New York,United States,454322,8252695615,Martha.Patterson@gmail.com,2020-09-12 00:00:00
57249,Jacqueline,Fernandez,1987-02-08 00:00:00,Houston,Texas,United States,230288,6482043079,Jacqueline.Fernandez@gmail.com,2020-09-13 00:00:00
57250,Frances,Alexander,1956-05-13 00:00:00,Belfast,Belfast,Northern Ireland,926703,6234633197,Frances.Alexander@gmail.com,2020-09-14 00:00:00
57251,Gloria,Woods,1954-01-13 00:00:00,Ghaziabad,Uttar Pradesh,India,430221,8527263910,Gloria.Woods@gmail.com,2020-09-15 00:00:00
57252,Ann,Stevens,1986-11-07 00:00:00,Amritsar,Punjab,India,318347,6573307552,Ann.Stevens@gmail.com,2020-09-16 00:00:00
57253,Teresa,Murray,1964-02-15 00:00:00,Patras,Western Greece,Greece,606168,7173171969,Teresa.Murray@gmail.com,2020-09-17 00:00:00
57254,Kathryn,Clark,1961-01-13 00:00:00,Denver,Colorado,United States,239647,6085234009,Kathryn.Clark@gmail.com,2020-09-17 00:00:00
57255,Sara,Nicoleson,1993-04-29 00:00:00,Amsterdam,North Holland,Netherlands,440101,7968554912,Sara.Nicoleson@gmail.com,2020-09-17 00:00:00
57256,Janice,Vazquez,1988-11-14 00:00:00,Agra,Uttar Pradesh,India,417337,7725290862,Janice.Vazquez@gmail.com,2020-09-17 00:00:00
57257,Jean,Kelley,1970-02-19 00:00:00,Bremen,Bremen,Germany,614575,8989746280,Jean.Kelley@gmail.com,2020-09-18 00:00:00
57258,Alice,Spencer,1982-12-21 00:00:00,Jacksonville,Florida,United States,263536,8113067809,Alice.Spencer@gmail.com,2020-09-19 00:00:00
57259,Madison,Hawkins,1957-11-21 00:00:00,Warsaw,Masovian,Poland,323188,8833067511,Madison.Hawkins@gmail.com,2020-09-21 00:00:00
57260,Doris,Johnson,1963-11-08 00:00:00,Athens,Attica,Greece,124535,8101854434,Doris.Johnson@gmail.com,2020-09-23 00:00:00
57261,Abigail,Richards,1965-01-13 00:00:00,Brussels,Brussels-Capital,Belgium,829257,9617315057,Abigail.Richards@gmail.com,2020-09-25 00:00:00
57262,Julia,Willis,1969-03-21 00:00:00,Bhopal,Madhya Pradesh,India,881438,6494120531,Julia.Willis@gmail.com,2020-10-03 00:00:00
57263,Judy,Carpenter,1960-10-24 00:00:00,Bucharest,Bucharest,Romania,988887,9762599397,Judy.Carpenter@gmail.com,2020-10-04 00:00:00
57264,Grace,Carter,1968-11-27 00:00:00,New York,New York,United States,760552,7106233188,Grace.Carter@gmail.com,2020-10-04 00:00:00
57265,Denise,George,1954-12-25 00:00:00,Athens,Attica,Greece,647282,6859582666,Denise.George@gmail.com,2020-10-04 00:00:00
57266,Amber,OBrien,1976-03-26 00:00:00,Brussels,Brussels-Capital,Belgium,464963,6124916365,Amber.OBrien@gmail.com,2020-10-04 00:00:00
57267,Marilyn,Johnson,1967-03-10 00:00:00,Bhopal,Madhya Pradesh,India,816953,6407172417,Marilyn.Johnson@gmail.com,2020-10-04 00:00:00
57268,Beverly,Hills,1998-01-05 00:00:00,Moscow,Moscow,Russia,272100,6269994683,Beverly.Hills@gmail.com,2020-10-06 00:00:00
57269,Danielle,Barrett,1997-07-08 00:00:00,Galway,Galway,Ireland,585217,7674643172,Danielle.Barrett@gmail.com,2020-10-09 00:00:00
57270,Theresa,Lawson,1984-08-29 00:00:00,Jacksonville,Florida,United States,537846,8936184424,Theresa.Lawson@gmail.com,2020-10-10 00:00:00
57271,Sophia,Marquez,1954-04-14 00:00:00,Jacksonville,Florida,United States,890551,8096156139,Sophia.Marquez@gmail.com,2020-10-11 00:00:00
57272,Marie,Douglas,1969-10-18 00:00:00,Vienna,Vienna,Austria,983729,6547496325,Marie.Douglas@gmail.com,2020-10-12 00:00:00
57273,Diana,Walter,1951-06-09 00:00:00,Dublin,Dublin,Ireland,675334,8654363725,Diana.Walter@gmail.com,2020-10-14 00:00:00
57274,Brittany,Brown,1959-07-14 00:00:00,Lisbon,Lisbon,Portugal,318056,8200120323,Brittany.Brown@gmail.com,2020-10-16 00:00:00
57275,Natalie,Bates,1979-06-08 00:00:00,Zurich,Zurich,Switzerland,521496,9440395221,Natalie.Bates@gmail.com,2020-10-16 00:00:00
57276,Isabella,Beck,1978-07-18 00:00:00,Bucharest,Bucharest,Romania,298006,8734858705,Isabella.Beck@gmail.com,2020-10-17 00:00:00
57277,Charlotte,Flair,1970-12-06 00:00:00,Cork,Cork,Ireland,118533,7337665062,Charlotte.Flair@gmail.com,2020-10-22 00:00:00
57278,Rose,Mary,1981-06-22 00:00:00,Bucharest,Bucharest,Romania,491441,7172185088,Rose.Mary@gmail.com,2020-10-23 00:00:00
57279,Alexis,Duran,1963-05-26 00:00:00,Montpellier,Occitanie,France,496069,9476790199,Alexis.Duran@gmail.com,2020-10-24 00:00:00
57280,Kayla,Grey,1952-05-17 00:00:00,Lucknow,Uttar Pradesh,India,753596,6528224522,Kayla.Grey@gmail.com,2020-11-09 00:00:00
57281,Jack,Logan,1951-11-11 00:00:00,Timisoara,Timis,Romania,479262,9221101294,Jack.Logan@gmail.com,2020-11-12 00:00:00
57282,Oliver,Alan,1976-07-22 00:00:00,Houston,Texas,United States,924280,7037290568,Oliver.Alan@gmail.com,2020-11-13 00:00:00
57283,James,Juan,1977-12-21 00:00:00,New York,New York,United States,431266,7001938717,James.Juan@gmail.com,2020-11-15 00:00:00
57284,Charlie,Wayne,1968-06-30 00:00:00,Jacksonville,Florida,United States,550464,7427480588,Charlie.Wayne@gmail.com,2020-11-16 00:00:00
57285,Harris,Roy,1951-09-18 00:00:00,Bucharest,Bucharest,Romania,726977,6927799940,Harris.Roy@gmail.com,2020-11-16 00:00:00
57286,Lewis,Ralph,1990-03-24 00:00:00,Kanpur,Uttar Pradesh,India,792167,8884125570,Lewis.Ralph@gmail.com,2020-11-17 00:00:00
57287,Leo,Randy,1992-02-06 00:00:00,Berlin,Berlin,Germany,633334,8901599633,Leo.Randy@gmail.com,2020-11-18 00:00:00
57288,Noah,Eugene,1965-01-07 00:00:00,Cork,Cork,Ireland,116703,7508025842,Noah.Eugene@gmail.com,2020-11-18 00:00:00
57289,Alfie,Vincent,1972-12-26 00:00:00,Moscow,Moscow,Russia,438530,9718477011,Alfie.Vincent@gmail.com,2020-11-22 00:00:00
57290,Rory,Russell,1990-12-08 00:00:00,Brussels,Brussels-Capital,Belgium,888264,9310284261,Rory.Russell@gmail.com,2020-12-02 00:00:00
57291,Alexander,Elijah,1956-08-26 00:00:00,Athens,Attica,Greece,693189,8567898862,Alexander.Elijah@gmail.com,2020-12-05 00:00:00
57292,Max,Louis,1950-08-19 00:00:00,Porto,Porto,Portugal,122488,6024573627,Max.Louis@gmail.com,2020-12-14 00:00:00
57293,Logan,Bobby,1976-10-06 00:00:00,Jacksonville,Florida,United States,276370,9375899095,Logan.Bobby@gmail.com,2020-12-14 00:00:00
57294,Lucas,Philip,1980-03-29 00:00:00,Vienna,Vienna,Austria,875255,7264764389,Lucas.Philip@gmail.com,2020-12-15 00:00:00
57295,Harry,Johnny,1982-01-27 00:00:00,Dublin,Dublin,Ireland,536552,7906352429,Harry.Johnny@gmail.com,2020-12-22 00:00:00
57296,Theo,Mary,1961-10-28 00:00:00,Lisbon,Lisbon,Portugal,143218,6877385491,Theo.Mary@gmail.com,2020-12-24 00:00:00
57297,Thomas,Patricia,1984-08-16 00:00:00,Jaipur,Rajasthan,India,948553,6466821987,Thomas.Patricia@gmail.com,2020-12-24 00:00:00
57298,Brodie,Jennifer,1977-04-13 00:00:00,Vila Nova de Gaia,Porto,Portugal,562216,8863307962,Brodie.Jennifer@gmail.com,2020-12-27 00:00:00
57299,Archie,Linda,1955-11-01 00:00:00,Bucharest,Bucharest,Romania,770601,8969938150,Archie.Linda@gmail.com,2020-12-27 00:00:00
57300,Jacob,Elizabeth,1972-09-23 00:00:00,Marseille,Provence-Alpes-Côte d'Azur,France,836111,8162736585,Jacob.Elizabeth@gmail.com,2021-01-01 00:00:00
57301,Finlay,Barbara,1965-11-08 00:00:00,New York,New York,United States,138305,9083088975,Finlay.Barbara@gmail.com,2021-01-02 00:00:00
57302,Finn,Lyon,1994-08-26 00:00:00,Jaipur,Rajasthan,India,820128,9165965680,Finn.Lyon@gmail.com,2021-01-03 00:00:00
57303,Daniel,Lewis,1984-10-04 00:00:00,Melbourne,Victoria,Australia,333484,9917602680,Daniel.Lewis@gmail.com,2021-01-04 00:00:00
57304,Joshua,Chan,1983-01-26 00:00:00,Berlin,Berlin,Germany,222368,8345822070,Joshua.Chan@gmail.com,2021-01-04 00:00:00
57305,Oscar,Robinson,1987-01-25 00:00:00,Vienna,Vienna,Austria,163222,6386230587,Oscar.Robinson@gmail.com,2021-01-05 00:00:00
57306,Arthur,Jamieson,1979-09-30 00:00:00,Bucharest,Bucharest,Romania,597932,9285170350,Arthur.Jamieson@gmail.com,2021-01-06 00:00:00
57307,Hunter,White,1984-03-22 00:00:00,Zurich,Zurich,Switzerland,658188,8779750084,Hunter.White@gmail.com,2021-01-07 00:00:00
57308,Ethan,Hunt,1959-05-22 00:00:00,Melbourne,Victoria,Australia,560467,6035717314,Ethan.Hunt@gmail.com,2021-01-08 00:00:00
57309,Mason,Young,1964-12-10 00:00:00,Limerick,Limerick,Ireland,787199,7627562449,Mason.Young@gmail.com,2021-01-08 00:00:00
57310,Harrison,Washington,1972-04-25 00:00:00,Moscow,Moscow,Russia,764755,9696511457,Harrison.Washington@gmail.com,2021-01-08 00:00:00
57311,Freddie,Allen,1962-09-05 00:00:00,Athens,Attica,Greece,908106,7423409150,Freddie.Allen@gmail.com,2021-01-08 00:00:00
57312,Ollie,Joseph,1997-11-25 00:00:00,Belfast,Belfast,Northern Ireland,155218,7908414060,Ollie.Joseph@gmail.com,2021-01-12 00:00:00
57313,Adam,Federer,1973-05-12 00:00:00,Melbourne,Victoria,Australia,261795,7788434637,Adam.Federer@gmail.com,2021-01-13 00:00:00
57314,William,King,1996-09-24 00:00:00,Turin,Piedmont,Italy,983366,6253310855,William.King@gmail.com,2021-01-13 00:00:00
57315,Jaxon,Clooney,1997-05-04 00:00:00,Vila Nova de Gaia,Porto,Portugal,128013,9144939055,Jaxon.Clooney@gmail.com,2021-01-13 00:00:00
57316,Aaron,Axel,1994-06-09 00:00:00,Galway,Galway,Ireland,771952,6015357565,Aaron.Axel@gmail.com,2021-01-14 00:00:00
57317,Cameron,Ayden,1985-01-19 00:00:00,Belfast,Belfast,Northern Ireland,417961,9582942187,Cameron.Ayden@gmail.com,2021-01-15 00:00:00
57318,Liam,Caiden,1976-01-19 00:00:00,Vienna,Vienna,Austria,714920,8160002267,Liam.Caiden@gmail.com,2021-01-15 00:00:00
57319,George,Craig,1953-05-08 00:00:00,Galway,Galway,Ireland,481272,8478283221,George.Craig@gmail.com,2021-01-15 00:00:00
57320,Jamie,Lauchlan,1964-03-22 00:00:00,Lyon,Auvergne-Rhône-Alpes,France,115505,9531319695,Jamie.Lauchlan@gmail.com,2021-01-15 00:00:00
57321,Callum,Lennon,1977-04-01 00:00:00,Jaipur,Rajasthan,India,263944,6288062101,Callum.Lennon@gmail.com,2021-01-15 00:00:00
57322,Matthew,Lukas,1953-07-25 00:00:00,Brussels,Brussels-Capital,Belgium,665699,9038228402,Matthew.Lukas@gmail.com,2021-01-16 00:00:00
57323,Muhammad,Maximilian,1984-12-28 00:00:00,Amadora,Lisbon,Portugal,411708,9091942063,Muhammad.Maximilian@gmail.com,2021-01-16 00:00:00
57324,Caleb,Mylo,1978-04-05 00:00:00,Galway,Galway,Ireland,389655,8936844867,Caleb.Mylo@gmail.com,2021-01-18 00:00:00
57325,Nathan,Nikodem,1988-06-09 00:00:00,Jaipur,Rajasthan,India,370639,6713840498,Nathan.Nikodem@gmail.com,2021-01-18 00:00:00
57326,Tommy,Rocco,1972-12-27 00:00:00,Brandenburg,Potsdam,Germany,512833,9223470662,Tommy.Rocco@gmail.com,2021-01-18 00:00:00
57327,Carter,Rohan,1999-04-10 00:00:00,Galway,Galway,Ireland,976949,7057989867,Carter.Rohan@gmail.com,2021-01-19 00:00:00
57328,Blake,Xavier,1990-07-09 00:00:00,Naples,Campania,Italy,774220,8696916562,Blake.Xavier@gmail.com,2021-01-19 00:00:00
57329,Andrew,Abel,1956-03-23 00:00:00,Zurich,Zurich,Switzerland,441818,6598905439,Andrew.Abel@gmail.com,2021-01-19 00:00:00
57330,Luke,Bobby,1970-08-04 00:00:00,Bucharest,Bucharest,Romania,787864,9558936130,Luke.Bobby@gmail.com,2021-01-20 00:00:00
57331,Jude,Philip,1963-02-01 00:00:00,Amadora,Lisbon,Portugal,348900,6311615674,Jude.Philip@gmail.com,2021-01-21 00:00:00
57332,Angus,Johnny,1998-09-29 00:00:00,Derry,Derry City and Strabane,Northern Ireland,344263,7688895230,Angus.Johnny@gmail.com,2021-01-23 00:00:00
57333,Riley,Mary,1997-12-04 00:00:00,Vienna,Vienna,Austria,673350,7814242880,Riley.Mary@gmail.com,2021-01-24 00:00:00
57334,Luca,Patricia,1963-08-05 00:00:00,Jaipur,Rajasthan,India,854559,6207332491,Luca.Patricia@gmail.com,2021-01-25 00:00:00
57335,Samuel,Jennifer,1993-09-25 00:00:00,Athens,Attica,Greece,566613,6779827750,Samuel.Jennifer@gmail.com,2021-01-26 00:00:00
57336,Joseph,Linda,1959-06-30 00:00:00,Coimbra,Coimbra,Portugal,708644,6949184828,Joseph.Linda@gmail.com,2021-01-27 00:00:00
57337,David,Elizabeth,1972-12-15 00:00:00,Toulouse,Occitanie,France,402933,9980824840,David.Elizabeth@gmail.com,2021-01-28 00:00:00
57338,Isaac,Barbara,1975-12-04 00:00:00,Pune,Maharashtra,India,390491,8380065232,Isaac.Barbara@gmail.com,2021-01-28 00:00:00
57339,Ryan,Lyon,1969-06-19 00:00:00,Galway,Galway,Ireland,856966,7443114506,Ryan.Lyon@gmail.com,2021-01-28 00:00:00
57340,Hamish,Lewis,1996-01-11 00:00:00,Brussels,Brussels-Capital,Belgium,363656,9749493747,Hamish.Lewis@gmail.com,2021-02-01 00:00:00
57341,Sonny,Donna,1961-06-10 00:00:00,Nîmes,Occitanie,France,739834,8454337269,Sonny.Donna@gmail.com,2021-02-01 00:00:00
57342,Arlo,Michelle,1982-12-19 00:00:00,Brussels,Brussels-Capital,Belgium,170712,8387301168,Arlo.Michelle@gmail.com,2021-02-02 00:00:00
57343,Arran,Dorothy,1983-01-18 00:00:00,Melbourne,Victoria,Australia,309375,8504012076,Arran.Dorothy@gmail.com,2021-02-03 00:00:00
57344,Cole,Carol,1991-05-03 00:00:00,Vienna,Vienna,Austria,141540,9579959854,Cole.Carol@gmail.com,2021-02-04 00:00:00
57345,Robert,Amanda,1987-08-01 00:00:00,Rome,Lazio,Italy,142721,8102911296,Robert.Amanda@gmail.com,2021-02-06 00:00:00
57346,Blair,Melissa,1953-02-03 00:00:00,Braga,Braga,Portugal,656207,8041245794,Blair.Melissa@gmail.com,2021-02-06 00:00:00
57347,Dylan,Deborah,1967-07-04 00:00:00,Lisbon,Lisbon,Portugal,302182,6871685601,Dylan.Deborah@gmail.com,2021-02-07 00:00:00
57348,Louie,Stephanie,1978-01-28 00:00:00,Newtownabbey,Antrim and Newtownabbey,Northern Ireland,283378,9307815710,Louie.Stephanie@gmail.com,2021-02-07 00:00:00
57349,Ruaridh,Rebecca,1958-03-03 00:00:00,Vienna,Vienna,Austria,682959,7901416742,Ruaridh.Rebecca@gmail.com,2021-02-07 00:00:00
57350,Connor,Sharon,1953-12-12 00:00:00,Brussels,Brussels-Capital,Belgium,409856,7198889847,Connor.Sharon@gmail.com,2021-02-08 00:00:00
57351,Benjamin,Laura,1991-11-03 00:00:00,Bucharest,Bucharest,Romania,830422,9331786369,Benjamin.Laura@gmail.com,2021-02-08 00:00:00
57352,Kai,Cynthia,1993-12-17 00:00:00,Faridabad,Haryana,India,481214,7596679021,Kai.Cynthia@gmail.com,2021-02-09 00:00:00
57353,Michael,Kathleen,1997-10-05 00:00:00,Nice,Provence-Alpes-Côte d'Azur,France,990563,7088534361,Michael.Kathleen@gmail.com,2021-02-10 00:00:00
57354,Jackson,Amy,1972-11-27 00:00:00,Bucharest,Bucharest,Romania,698261,9109386552,Jackson.Amy@gmail.com,2021-02-10 00:00:00
57355,Leon,Bieber,1995-03-12 00:00:00,Kolkata,West Bengal,India,477342,6056003710,Leon.Bieber@gmail.com,2021-02-11 00:00:00
57356,Cooper,Martin,1980-02-08 00:00:00,Melbourne,Victoria,Australia,415199,6612954800,Cooper.Martin@gmail.com,2021-02-13 00:00:00
57357,Louis,James,1994-04-01 00:00:00,Berlin,Berlin,Germany,730498,9480478772,Louis.James@gmail.com,2021-02-14 00:00:00
57358,Theodore,Lee,1959-10-06 00:00:00,Vienna,Vienna,Austria,789084,9235126073,Theodore.Lee@gmail.com,2021-02-15 00:00:00
57359,Fraser,Jackson,1974-06-30 00:00:00,Saint Petersburg,Saint Petersburg,Russia,305343,9515887771,Fraser.Jackson@gmail.com,2021-02-15 00:00:00
57360,Owen,Perez,1989-05-11 00:00:00,Milan,Lombardy,Italy,158128,6112247560,Owen.Perez@gmail.com,2021-02-15 00:00:00
57361,Reuben,Frank,1978-12-16 00:00:00,Woerden,Utrecht,Netherlands,898151,6507899728,Reuben.Frank@gmail.com,2021-02-16 00:00:00
57362,John,Thompson,1958-02-23 00:00:00,Athens,Attica,Greece,520415,9344481281,John.Thompson@gmail.com,2021-02-17 00:00:00
57363,Carson,Jose,1966-11-19 00:00:00,Coimbra,Coimbra,Portugal,815943,6400672775,Carson.Jose@gmail.com,2021-02-17 00:00:00
57364,Innes,White,1963-02-22 00:00:00,Zurich,Zurich,Switzerland,231968,9190083017,Innes.White@gmail.com,2021-02-17 00:00:00
57365,Elijah,Daniels,1989-08-09 00:00:00,Newtownabbey,Antrim and Newtownabbey,Northern Ireland,954511,9640147263,Elijah.Daniels@gmail.com,2021-02-17 00:00:00
57366,Murray,Harris,1965-01-03 00:00:00,Brussels,Brussels-Capital,Belgium,201218,8928105021,Murray.Harris@gmail.com,2021-02-18 00:00:00
57367,Grayson,James,1968-04-05 00:00:00,Jaipur,Rajasthan,India,742927,8798990794,Grayson.James@gmail.com,2021-02-18 00:00:00
57368,Aiden,Sanchez,1971-09-24 00:00:00,Lisbon,Lisbon,Portugal,978786,6297648653,Aiden.Sanchez@gmail.com,2021-02-19 00:00:00
57369,Aidan,Maximilian,1959-07-03 00:00:00,Nîmes,Occitanie,France,343973,7083741130,Aidan.Maximilian@gmail.com,2021-02-20 00:00:00
57370,Cody,Mylo,1962-09-20 00:00:00,Coimbra,Coimbra,Portugal,900062,7369564561,Cody.Mylo@gmail.com,2021-02-21 00:00:00
57371,Elliot,Nikodem,1954-04-17 00:00:00,Strasbourg,Grand Est,France,997988,9689518050,Elliot.Nikodem@gmail.com,2021-02-21 00:00:00
57372,Ben,Rocco,1977-05-12 00:00:00,Lisbon,Lisbon,Portugal,251956,6564667047,Ben.Rocco@gmail.com,2021-02-21 00:00:00
57373,Henry,Rohan,1974-03-12 00:00:00,Newtownabbey,Antrim and Newtownabbey,Northern Ireland,150663,9989541261,Henry.Rohan@gmail.com,2021-02-21 00:00:00
57374,Sam,Xavier,1958-12-10 00:00:00,Vienna,Vienna,Austria,393077,6805005311,Sam.Xavier@gmail.com,2021-02-22 00:00:00
57375,Alex,Abel,1983-04-06 00:00:00,Strasbourg,Grand Est,France,984008,6695754659,Alex.Abel@gmail.com,2021-02-23 00:00:00
57376,Ellis,Elias,1959-07-27 00:00:00,Baden-Wurttemberg,Stuttgart,Germany,742593,9037922428,Ellis.Elias@gmail.com,2021-02-23 00:00:00
57377,Gabriel,Eric,1986-01-20 00:00:00,Milan,Lombardy,Italy,252792,9875773031,Gabriel.Eric@gmail.com,2021-02-25 00:00:00
57378,Jax,Franciszek,1956-08-05 00:00:00,Belfast,Belfast,Northern Ireland,971518,9235443638,Jax.Franciszek@gmail.com,2021-02-25 00:00:00
57379,Callan,Kaleb,1962-01-19 00:00:00,Vienna,Vienna,Austria,827514,9095294849,Callan.Kaleb@gmail.com,2021-02-26 00:00:00
57380,Ruairidh,Karson,1981-01-30 00:00:00,Bavaria,Munich,Germany,530898,7135366636,Ruairidh.Karson@gmail.com,2021-02-26 00:00:00
57381,Frankie,James,1972-06-30 00:00:00,Saint Petersburg,Saint Petersburg,Russia,128802,7571716680,Frankie.James@gmail.com,2021-03-01 00:00:00
57382,Lachlan,Ryan,1994-02-08 00:00:00,Milan,Lombardy,Italy,454284,8209192299,Lachlan.Ryan@gmail.com,2021-03-01 00:00:00
57383,Roman,Hamish,1953-04-03 00:00:00,Wellington,Wellington,New Zealand,958930,6234098979,Roman.Hamish@gmail.com,2021-03-01 00:00:00
57384,Brody,Sonny,1961-01-15 00:00:00,Lisbon,Lisbon,Portugal,292379,9432139231,Brody.Sonny@gmail.com,2021-03-01 00:00:00
57385,Josh,Arlo,1987-03-05 00:00:00,Strasbourg,Grand Est,France,553906,6709526943,Josh.Arlo@gmail.com,2021-03-03 00:00:00
57386,Sebastian,Arran,1969-05-18 00:00:00,Bordeaux,Nouvelle-Aquitaine,France,811447,9270830348,Sebastian.Arran@gmail.com,2021-03-03 00:00:00
57387,Struan,Cole,1990-10-16 00:00:00,Melbourne,Victoria,Australia,886894,6781437795,Struan.Cole@gmail.com,2021-03-03 00:00:00
57388,Evan,Robert,1989-03-25 00:00:00,Moscow,Moscow,Russia,194935,6836238828,Evan.Robert@gmail.com,2021-03-04 00:00:00
57389,Kyle,Blair,1967-12-19 00:00:00,Wijk bij Duurstede,Utrecht,Netherlands,301126,7639304538,Kyle.Blair@gmail.com,2021-03-04 00:00:00
57390,Myles,Dylan,1992-03-23 00:00:00,Brussels,Brussels-Capital,Belgium,381047,6377035010,Myles.Dylan@gmail.com,2021-03-04 00:00:00
57391,Calum,Louie,1968-08-16 00:00:00,Athens,Attica,Greece,571219,9671333036,Calum.Louie@gmail.com,2021-03-05 00:00:00
57392,Lochlan,Ruaridh,1956-06-03 00:00:00,Geneva,Geneve,Switzerland,294307,8277992470,Lochlan.Ruaridh@gmail.com,2021-03-05 00:00:00
57393,Jayden,Connor,1969-05-08 00:00:00,Lisbon,Lisbon,Portugal,127051,6615198305,Jayden.Connor@gmail.com,2021-03-08 00:00:00
57394,Lyle,Benjamin,1983-11-06 00:00:00,Nîmes,Occitanie,France,353368,9608498428,Lyle.Benjamin@gmail.com,2021-03-09 00:00:00
57395,Robbie,Kai,1971-03-31 00:00:00,Jaipur,Rajasthan,India,498017,7111476212,Robbie.Kai@gmail.com,2021-03-09 00:00:00
57396,Calvin,Michael,1958-12-17 00:00:00,Vienna,Vienna,Austria,872658,8228874834,Calvin.Michael@gmail.com,2021-03-11 00:00:00
57397,Corey,Jackson,1966-06-15 00:00:00,Milan,Lombardy,Italy,979264,8197971941,Corey.Jackson@gmail.com,2021-03-12 00:00:00
57398,Jaxson,Leon,1971-06-09 00:00:00,Hulst,Zeeland,Netherlands,204379,6761060312,Jaxson.Leon@gmail.com,2021-03-12 00:00:00
57399,Christopher,Cooper,1971-10-21 00:00:00,Zurich,Zurich,Switzerland,200030,7700763644,Christopher.Cooper@gmail.com,2021-03-13 00:00:00
57400,Teddy,Louis,1993-08-21 00:00:00,Lisbon,Lisbon,Portugal,167853,7681634656,Teddy.Louis@gmail.com,2021-03-14 00:00:00
57401,Eli,Eugene,1957-02-19 00:00:00,Newtownabbey,Antrim and Newtownabbey,Northern Ireland,909750,8042127532,Eli.Eugene@gmail.com,2021-03-14 00:00:00
57402,Marcus,Vincent,1985-07-13 00:00:00,Wellington,Wellington,New Zealand,583198,7778091329,Marcus.Vincent@gmail.com,2021-03-14 00:00:00
57403,Parker,Russell,1958-03-01 00:00:00,Chennai,Tamil Nadu,India,545406,7481740661,Parker.Russell@gmail.com,2021-03-15 00:00:00
57404,Tyler,Elijah,1956-02-03 00:00:00,Lille,Hauts-de-France,France,909456,9665092780,Tyler.Elijah@gmail.com,2021-03-18 00:00:00
57405,Euan,Louis,1978-05-03 00:00:00,Middelburg,Zeeland,Netherlands,716606,6583330315,Euan.Louis@gmail.com,2021-03-19 00:00:00
57406,Hudson,Bobby,1974-11-14 00:00:00,Warsaw,Masovian,Poland,297203,6490070615,Hudson.Bobby@gmail.com,2021-03-21 00:00:00
57407,Joey,Philip,1966-03-17 00:00:00,Chennai,Tamil Nadu,India,138958,8664406603,Joey.Philip@gmail.com,2021-03-21 00:00:00
57408,Austin,Johnny,1955-07-22 00:00:00,Athens,Attica,Greece,111577,6933383344,Austin.Johnny@gmail.com,2021-03-22 00:00:00
57409,Zac,Mary,1969-05-30 00:00:00,Wellington,Wellington,New Zealand,264951,7614541479,Zac.Mary@gmail.com,2021-03-23 00:00:00
57410,Dominic,Patricia,1980-09-25 00:00:00,Krakow,Lesser Poland,Poland,592785,6756205492,Dominic.Patricia@gmail.com,2021-03-25 00:00:00
57411,Kayden,Jennifer,1996-10-10 00:00:00,Chennai,Tamil Nadu,India,941359,9792985445,Kayden.Jennifer@gmail.com,2021-03-25 00:00:00
57412,Zack,Linda,1999-02-16 00:00:00,Athens,Attica,Greece,772376,9160812590,Zack.Linda@gmail.com,2021-03-25 00:00:00
57413,Harvey,Elizabeth,1991-02-25 00:00:00,Geneva,Geneve,Switzerland,257209,7336915477,Harvey.Elizabeth@gmail.com,2021-03-26 00:00:00
57414,Rowan,Barbara,1984-04-25 00:00:00,Newtownabbey,Antrim and Newtownabbey,Northern Ireland,599801,7856848638,Rowan.Barbara@gmail.com,2021-03-27 00:00:00
57415,Hugo,Lyon,1957-11-10 00:00:00,Bucharest,Bucharest,Romania,113785,7287426469,Hugo.Lyon@gmail.com,2021-03-27 00:00:00
57416,Edward,Lewis,1998-01-26 00:00:00,Lisbon,Lisbon,Portugal,195374,7789921151,Edward.Lewis@gmail.com,2021-03-27 00:00:00
57417,Fergus,Chan,1960-10-16 00:00:00,Dublin,Dublin,Ireland,932778,9194179244,Fergus.Chan@gmail.com,2021-03-28 00:00:00
57418,Finley,Robinson,1994-06-27 00:00:00,Cork,Cork,Ireland,493382,6864373555,Finley.Robinson@gmail.com,2021-03-28 00:00:00
57419,Patrick,Jamieson,1959-11-10 00:00:00,Saint Petersburg,Saint Petersburg,Russia,738197,8576551930,Patrick.Jamieson@gmail.com,2021-03-28 00:00:00
57420,Cillian,Harley,1951-04-05 00:00:00,Rennes,Brittany,France,678695,8621736930,Cillian.Harley@gmail.com,2021-04-04 00:00:00
57421,Conor,Jay,1960-05-22 00:00:00,Milan,Lombardy,Italy,677596,7646865561,Conor.Jay@gmail.com,2021-04-04 00:00:00
57422,Ruben,Jordan,1996-11-06 00:00:00,Chennai,Tamil Nadu,India,328056,9724075815,Ruben.Jordan@gmail.com,2021-04-04 00:00:00
57423,Flynn,Milo,1981-10-15 00:00:00,Melbourne,Victoria,Australia,246739,9449929601,Flynn.Milo@gmail.com,2021-04-05 00:00:00
57424,Jake,Oran,1961-04-27 00:00:00,Sydney,New South Wales,Australia,614911,7303614573,Jake.Oran@gmail.com,2021-04-06 00:00:00
57425,Albie,Peter,1999-04-07 00:00:00,Vienna,Vienna,Austria,615221,6015427642,Albie.Peter@gmail.com,2021-04-09 00:00:00
57426,Levi,Sean,1975-09-21 00:00:00,Brussels,Brussels-Capital,Belgium,616021,7905573676,Levi.Sean@gmail.com,2021-04-09 00:00:00
57427,Mohammad,Ciaran,1974-03-09 00:00:00,Brisbane,Queensland,Australia,117680,8790698204,Mohammad.Ciaran@gmail.com,2021-04-10 00:00:00
57428,Rhys,Jasper,1962-08-29 00:00:00,Amsterdam,North Holland,Netherlands,506405,9061464459,Rhys.Jasper@gmail.com,2021-04-10 00:00:00
57429,Ronan,Luka,1981-09-16 00:00:00,Athens,Attica,Greece,632794,9618920763,Ronan.Luka@gmail.com,2021-04-12 00:00:00
57430,Zach,Odin,1997-01-22 00:00:00,Lodz,Lodz,Poland,853938,9739088322,Zach.Odin@gmail.com,2021-04-13 00:00:00
57431,Zachary,Steven,1988-12-25 00:00:00,Athens,Attica,Greece,559846,6511736734,Zachary.Steven@gmail.com,2021-04-16 00:00:00
57432,Ezra,Duncan,1966-06-01 00:00:00,Lisbon,Lisbon,Portugal,228965,9339577113,Ezra.Duncan@gmail.com,2021-04-19 00:00:00
57433,Charles,Kade,1955-02-19 00:00:00,Amsterdam,North Holland,Netherlands,867596,9658591555,Charles.Kade@gmail.com,2021-04-20 00:00:00
57434,Kian,Musa,1975-02-15 00:00:00,Wellington,Wellington,New Zealand,250733,6929888885,Kian.Musa@gmail.com,2021-04-20 00:00:00
57435,Kieran,Milo,1986-11-02 00:00:00,Bangalore,Karnataka,India,112693,7302719465,Kieran.Milo@gmail.com,2021-04-22 00:00:00
57436,Mohammed,Oran,1966-07-10 00:00:00,Chennai,Tamil Nadu,India,569818,8452659434,Mohammed.Oran@gmail.com,2021-04-23 00:00:00
57437,Zak,Peter,1975-01-17 00:00:00,Amsterdam,North Holland,Netherlands,542924,9643370720,Zak.Peter@gmail.com,2021-04-23 00:00:00
57438,Anthony,Sean,1975-02-06 00:00:00,Amsterdam,North Holland,Netherlands,272699,7248095948,Anthony.Sean@gmail.com,2021-04-23 00:00:00
57439,Bradley,Ciaran,1989-02-17 00:00:00,Belfast,Belfast,Northern Ireland,834959,9705757697,Bradley.Ciaran@gmail.com,2021-04-25 00:00:00
57440,Elliott,Jasper,1988-03-06 00:00:00,Berlin,Berlin,Germany,625347,6921101649,Elliott.Jasper@gmail.com,2021-04-26 00:00:00
57441,Mark,Theo,1972-10-01 00:00:00,Newtownabbey,Antrim and Newtownabbey,Northern Ireland,495600,8626924582,Mark.Theo@gmail.com,2021-04-26 00:00:00
57442,Miller,Thomas,1985-01-12 00:00:00,Reims,Grand Est,France,301566,6019941305,Miller.Thomas@gmail.com,2021-04-27 00:00:00
57443,Felix,Brodie,1981-01-20 00:00:00,Rome,Lazio,Italy,641255,9072484643,Felix.Brodie@gmail.com,2021-04-27 00:00:00
57444,Harley,Archie,1965-10-15 00:00:00,Den Helder,North Holland,Netherlands,268493,6851902777,Harley.Archie@gmail.com,2021-04-28 00:00:00
57445,Jay,Jacob,1988-01-27 00:00:00,Geneva,Geneve,Switzerland,181679,8123573574,Jay.Jacob@gmail.com,2021-05-01 00:00:00
57446,Jordan,Finlay,1960-12-27 00:00:00,Ahmedabad,Gujarat,India,796211,9800488734,Jordan.Finlay@gmail.com,2021-05-02 00:00:00
57447,Milo,Finn,1991-10-16 00:00:00,Perth,Western Australia,Australia,173026,8115595735,Milo.Finn@gmail.com,2021-05-02 00:00:00
57448,Oran,Daniel,1988-05-17 00:00:00,Wroclaw,Lower Silesian,Poland,686129,8544086861,Oran.Daniel@gmail.com,2021-05-03 00:00:00
57449,Peter,Joshua,1980-04-02 00:00:00,Lisbon,Lisbon,Portugal,981792,8293043598,Peter.Joshua@gmail.com,2021-05-04 00:00:00
57450,Sean,Oscar,1964-02-04 00:00:00,Lille,Hauts-de-France,France,959367,9486727740,Sean.Oscar@gmail.com,2021-05-05 00:00:00
57451,Ciaran,Arthur,1959-05-06 00:00:00,Saint Petersburg,Saint Petersburg,Russia,357950,6053013952,Ciaran.Arthur@gmail.com,2021-05-06 00:00:00
57452,Jasper,Hunter,1978-08-30 00:00:00,Belfast,Belfast,Northern Ireland,842686,8438849920,Jasper.Hunter@gmail.com,2021-05-07 00:00:00
57453,Kaiden,Ethan,1969-10-16 00:00:00,Johannesburg,Johannesburg,South Africa,653016,7831673099,Kaiden.Ethan@gmail.com,2021-05-08 00:00:00
57454,Robin,Calum,1979-09-04 00:00:00,Dublin,Dublin,Ireland,836916,7133856852,Robin.Calum@gmail.com,2021-05-09 00:00:00
57455,Caelan,Lochlan,1978-12-27 00:00:00,Adelaide,South Australia,Australia,320198,6753004670,Caelan.Lochlan@gmail.com,2021-05-11 00:00:00
57456,Cohen,Jayden,1953-11-02 00:00:00,Wellington,Wellington,New Zealand,147870,6601082634,Cohen.Jayden@gmail.com,2021-05-12 00:00:00
57457,Magnus,Lyle,1988-05-07 00:00:00,Amsterdam,North Holland,Netherlands,390330,8980353469,Magnus.Lyle@gmail.com,2021-05-13 00:00:00
57458,Xander,Robbie,1965-08-17 00:00:00,Newcastle,New South Wales,Australia,119267,6866480192,Xander.Robbie@gmail.com,2021-05-14 00:00:00
57459,Jason,Calvin,1981-12-18 00:00:00,Canberra,Australian Capital Territory,Australia,252846,7823722330,Jason.Calvin@gmail.com,2021-05-14 00:00:00
57460,Reece,Corey,1983-07-23 00:00:00,Sunshine Coast,Queensland,Australia,693529,7110320565,Reece.Corey@gmail.com,2021-05-18 00:00:00
57461,Ruairi,Jaxson,1997-07-07 00:00:00,Milan,Lombardy,Italy,367391,6157137435,Ruairi.Jaxson@gmail.com,2021-05-19 00:00:00
57462,Scott,Christopher,1988-05-05 00:00:00,Vila Nova de Gaia,Porto,Portugal,571841,9530348097,Scott.Christopher@gmail.com,2021-05-20 00:00:00
57463,Cian,Teddy,1975-10-16 00:00:00,Zurich,Zurich,Switzerland,853332,6250825230,Cian.Teddy@gmail.com,2021-05-21 00:00:00
57464,Filip,Eli,1953-06-11 00:00:00,Belfast,Belfast,Northern Ireland,277549,7055580055,Filip.Eli@gmail.com,2021-05-22 00:00:00
57465,Nico,Marcus,1985-04-21 00:00:00,Johannesburg,Johannesburg,South Africa,123785,7945106634,Nico.Marcus@gmail.com,2021-05-25 00:00:00
57466,Olly,Reggie,1983-06-23 00:00:00,Bangalore,Karnataka,India,294824,7109176358,Olly.Reggie@gmail.com,2021-05-27 00:00:00
57467,Gregor,Shay,1950-05-12 00:00:00,Amsterdam,North Holland,Netherlands,552983,9971954274,Gregor.Shay@gmail.com,2021-05-27 00:00:00
57468,Junior,Zander,1956-05-01 00:00:00,Wroclaw,Lower Silesian,Poland,751139,7269944409,Junior.Zander@gmail.com,2021-06-01 00:00:00
57469,Antoni,Alasdair,1987-09-21 00:00:00,Geneva,Geneve,Switzerland,953861,7513745304,Antoni.Alasdair@gmail.com,2021-06-01 00:00:00
57470,Colton,Ashton,1978-09-14 00:00:00,Amsterdam,North Holland,Netherlands,501114,8434988308,Colton.Ashton@gmail.com,2021-06-02 00:00:00
57471,Jenson,Cruz,1982-05-19 00:00:00,Belfast,Belfast,Northern Ireland,642481,6687024018,Jenson.Cruz@gmail.com,2021-06-03 00:00:00
57472,Layton,Findlay,1986-05-08 00:00:00,Le Havre,Normandy,France,809903,8507169924,Layton.Findlay@gmail.com,2021-06-04 00:00:00
57473,Ross,Hayden,1954-04-27 00:00:00,Saint-Étienne,Auvergne-Rhône-Alpes,France,530868,8024722567,Ross.Hayden@gmail.com,2021-06-07 00:00:00
57474,Frederick,Jace,1988-11-19 00:00:00,Hyderabad,Telangana,India,505790,6349326355,Frederick.Jace@gmail.com,2021-06-08 00:00:00
57475,Maxwell,Kerr,1993-07-04 00:00:00,Central Coast,New South Wales,Australia,506511,7238434067,Maxwell.Kerr@gmail.com,2021-06-09 00:00:00
57476,Nicholas,Rio,1969-03-25 00:00:00,Piraeus,Attica,Greece,698863,8453989465,Nicholas.Rio@gmail.com,2021-06-11 00:00:00
57477,Danny,Rudi,1970-05-08 00:00:00,Vila Nova de Gaia,Porto,Portugal,569390,7170644594,Danny.Rudi@gmail.com,2021-06-13 00:00:00
57478,Declan,Spencer,1982-10-29 00:00:00,Wollongong,New South Wales,Australia,640455,6226589885,Declan.Spencer@gmail.com,2021-06-14 00:00:00
57479,Ibrahim,Taylor,1963-11-20 00:00:00,Vienna,Vienna,Austria,432949,7055461847,Ibrahim.Taylor@gmail.com,2021-06-15 00:00:00
57480,Oskar,Francis,1956-03-12 00:00:00,Moscow,Moscow,Russia,616874,7788196033,Oskar.Francis@gmail.com,2021-06-16 00:00:00
57481,Reggie,Julian,1962-11-17 00:00:00,Belfast,Belfast,Northern Ireland,288887,8717991148,Reggie.Julian@gmail.com,2021-06-16 00:00:00
57482,Shay,Keegan,1955-09-08 00:00:00,Wroclaw,Lower Silesian,Poland,241434,8649659047,Shay.Keegan@gmail.com,2021-06-18 00:00:00
57483,Zander,Luka,1954-06-18 00:00:00,Geelong,Victoria,Australia,954551,7442257638,Zander.Luka@gmail.com,2021-06-18 00:00:00
57484,Alasdair,Odin,1999-01-05 00:00:00,Hobart,Tasmania,Australia,386859,7433996128,Alasdair.Odin@gmail.com,2021-06-19 00:00:00
57485,Ashton,Steven,1968-03-03 00:00:00,Townsville,Queensland,Australia,891677,6773108255,Ashton.Steven@gmail.com,2021-06-20 00:00:00
57486,Cruz,Duncan,1996-05-21 00:00:00,Cairns,Queensland,Australia,112086,7031872822,Cruz.Duncan@gmail.com,2021-06-21 00:00:00
57487,Findlay,Kade,1978-04-28 00:00:00,Brandenburg,Potsdam,Germany,714481,8899015011,Findlay.Kade@gmail.com,2021-06-21 00:00:00
57488,Hayden,Musa,1952-07-09 00:00:00,Darwin,Northern Territory,Australia,804876,6232527169,Hayden.Musa@gmail.com,2021-06-23 00:00:00
57489,Jace,Tristan,1974-05-28 00:00:00,Ballarat,Victoria,Australia,309785,8462787198,Jace.Tristan@gmail.com,2021-06-25 00:00:00
57490,Kerr,Abdullah,1969-08-10 00:00:00,Brussels,Brussels-Capital,Belgium,526397,8108334372,Kerr.Abdullah@gmail.com,2021-06-26 00:00:00
57491,Rio,Dexter,1955-01-23 00:00:00,Vila Nova de Gaia,Porto,Portugal,820864,7201050110,Rio.Dexter@gmail.com,2021-07-01 00:00:00
57492,Rudi,Ian,1961-12-13 00:00:00,Toulon,Provence-Alpes-Côte d'Azur,France,293214,8436843041,Rudi.Ian@gmail.com,2021-07-01 00:00:00
57493,Spencer,Jensen,1978-02-15 00:00:00,Geneva,Geneve,Switzerland,306841,6818612015,Spencer.Jensen@gmail.com,2021-07-02 00:00:00
57494,Taylor,Jonathan,1993-10-01 00:00:00,Belfast,Belfast,Northern Ireland,723508,9473423961,Taylor.Jonathan@gmail.com,2021-07-04 00:00:00
57495,Toby,Richard,1954-04-27 00:00:00,Amsterdam,North Holland,Netherlands,970176,9620675518,Toby.Richard@gmail.com,2021-07-05 00:00:00
57496,Joel,Zayn,1973-11-22 00:00:00,Piraeus,Attica,Greece,160573,7757073165,Joel.Zayn@gmail.com,2021-07-05 00:00:00
57497,Keir,Adrian,1951-05-09 00:00:00,Johannesburg,Johannesburg,South Africa,543554,7876918451,Keir.Adrian@gmail.com,2021-07-07 00:00:00
57498,Paul,Zachary,1971-12-08 00:00:00,Amsterdam,North Holland,Netherlands,841013,9720305643,Paul.Zachary@gmail.com,2021-07-07 00:00:00
57499,Bobby,Ezra,1985-12-15 00:00:00,Delhi,Delhi,India,474396,7461914594,Bobby.Ezra@gmail.com,2021-07-09 00:00:00
57500,Campbell,Charles,1997-04-14 00:00:00,Wroclaw,Lower Silesian,Poland,515813,9122870679,Campbell.Charles@gmail.com,2021-07-09 00:00:00
57501,Kacper,Kian,1986-01-03 00:00:00,Strasbourg,Grand Est,France,928288,6353859894,Kacper.Kian@gmail.com,2021-07-11 00:00:00
57502,Miles,Kieran,1961-11-14 00:00:00,Bangalore,Karnataka,India,348606,7242119169,Miles.Kieran@gmail.com,2021-07-11 00:00:00
57503,Otis,Mohammed,1957-04-12 00:00:00,Berlin,Berlin,Germany,322688,7988254437,Otis.Mohammed@gmail.com,2021-07-12 00:00:00
57504,Travis,Zak,1998-10-23 00:00:00,Hobart,Tasmania,Australia,990877,8896670704,Travis.Zak@gmail.com,2021-07-14 00:00:00
57505,Alan,Anthony,1957-12-30 00:00:00,Townsville,Queensland,Australia,777883,8727734228,Alan.Anthony@gmail.com,2021-07-15 00:00:00
57506,Alfred,Bradley,1959-02-18 00:00:00,Cairns,Queensland,Australia,773060,7383457508,Alfred.Bradley@gmail.com,2021-07-18 00:00:00
57507,Erik,Elliott,1998-06-17 00:00:00,Vienna,Vienna,Austria,844788,7858796446,Erik.Elliott@gmail.com,2021-07-23 00:00:00
57508,Kevin,Mark,1983-09-14 00:00:00,Dublin,Dublin,Ireland,703145,6962684454,Kevin.Mark@gmail.com,2021-07-24 00:00:00
57509,Marcel,Elliott,1975-05-30 00:00:00,Larissa,Thessaly,Greece,608087,9158381703,Marcel.Elliott@gmail.com,2021-07-25 00:00:00
57510,Nathaniel,Mark,1976-06-24 00:00:00,Vila Nova de Gaia,Porto,Portugal,850538,8384632864,Nathaniel.Mark@gmail.com,2021-07-27 00:00:00
57511,Quinn,Miller,1991-08-21 00:00:00,Zurich,Zurich,Switzerland,720314,9348313988,Quinn.Miller@gmail.com,2021-08-02 00:00:00
57512,Yusuf,Felix,1957-02-04 00:00:00,Belfast,Belfast,Northern Ireland,427874,9932962637,Yusuf.Felix@gmail.com,2021-08-02 00:00:00
57513,Billy,Harley,1950-03-02 00:00:00,Piraeus,Attica,Greece,557851,8396118331,Billy.Harley@gmail.com,2021-08-06 00:00:00
57514,Douglas,Jay,1982-04-01 00:00:00,Johannesburg,Johannesburg,South Africa,202891,6440143971,Douglas.Jay@gmail.com,2021-08-07 00:00:00
57515,Eden,Lincoln,1965-02-22 00:00:00,Bangalore,Karnataka,India,895927,7911889400,Eden.Lincoln@gmail.com,2021-08-07 00:00:00
57516,Ewan,Phoenix,1971-10-05 00:00:00,Strasbourg,Grand Est,France,857269,7653266972,Ewan.Phoenix@gmail.com,2021-08-07 00:00:00
57517,Jakub,Stephen,1960-01-17 00:00:00,Geneva,Geneve,Switzerland,727193,8680328060,Jakub.Stephen@gmail.com,2021-08-08 00:00:00
57518,Jonah,Tristan,1980-03-15 00:00:00,Berlin,Berlin,Germany,610846,9196661098,Jonah.Tristan@gmail.com,2021-08-08 00:00:00
57519,Leonardo,Abdullah,1983-01-23 00:00:00,Grenoble,Auvergne-Rhône-Alpes,France,530521,7064953085,Leonardo.Abdullah@gmail.com,2021-08-09 00:00:00
57520,Mac,Dexter,1983-07-03 00:00:00,Delhi,Delhi,India,994373,9257896662,Mac.Dexter@gmail.com,2021-08-10 00:00:00
57521,Murdo,Ian,1964-03-17 00:00:00,Brandenburg,Potsdam,Germany,774501,6600491775,Murdo.Ian@gmail.com,2021-08-13 00:00:00
57522,Ronnie,Jensen,1988-09-14 00:00:00,Graz,Styria,Austria,148900,7144752429,Ronnie.Jensen@gmail.com,2021-08-16 00:00:00
57523,Vincent,Jonathan,1960-06-02 00:00:00,Brussels,Brussels-Capital,Belgium,787603,8084706989,Vincent.Jonathan@gmail.com,2021-08-17 00:00:00
57524,Ali,Richard,1967-07-12 00:00:00,Wroclaw,Lower Silesian,Poland,467124,6214019618,Ali.Richard@gmail.com,2021-08-18 00:00:00
57525,Asher,Zayn,1991-10-07 00:00:00,Vila Nova de Gaia,Porto,Portugal,475825,8990087128,Asher.Zayn@gmail.com,2021-08-19 00:00:00
57526,Bailey,Adrian,1970-12-25 00:00:00,Zurich,Zurich,Switzerland,454256,7612482312,Bailey.Adrian@gmail.com,2021-08-20 00:00:00
57527,Enzo,Aleksander,1996-06-03 00:00:00,Vila Nova de Gaia,Porto,Portugal,833512,9699071239,Enzo.Aleksander@gmail.com,2021-08-21 00:00:00
57528,Lennox,Ayaan,1956-08-25 00:00:00,Johannesburg,Johannesburg,South Africa,650783,8112468282,Lennox.Ayaan@gmail.com,2021-08-22 00:00:00
57529,Niall,Bruno,1982-08-23 00:00:00,Linz,Upper Austria,Austria,696118,6146450745,Niall.Bruno@gmail.com,2021-08-24 00:00:00
57530,Alistair,Cook,1960-11-15 00:00:00,Moscow,Moscow,Russia,325266,6447917213,Alistair.Cook@gmail.com,2021-08-24 00:00:00
57531,Colby,Mark,1953-09-29 00:00:00,Rome,Lazio,Italy,280371,8714445343,Colby.Mark@gmail.com,2021-08-26 00:00:00
57532,Francis,Miller,1955-09-16 00:00:00,Zurich,Zurich,Switzerland,855397,8403362522,Francis.Miller@gmail.com,2021-08-26 00:00:00
57533,Julian,Felix,1968-10-10 00:00:00,Belfast,Belfast,Northern Ireland,760350,8017349304,Julian.Felix@gmail.com,2021-09-01 00:00:00
57534,Keegan,Harley,1997-11-11 00:00:00,Berlin,Berlin,Germany,683623,9981480800,Keegan.Harley@gmail.com,2021-09-03 00:00:00
57535,Luka,Jay,1996-07-17 00:00:00,Salzburg,Salzburg,Austria,133398,8443736676,Luka.Jay@gmail.com,2021-09-05 00:00:00
57536,Odin,Aidan,1975-09-03 00:00:00,Dublin,Dublin,Ireland,169022,9841332553,Odin.Aidan@gmail.com,2021-09-06 00:00:00
57537,Steven,Cody,1956-08-18 00:00:00,Piraeus,Attica,Greece,641040,6467663525,Steven.Cody@gmail.com,2021-09-07 00:00:00
57538,Duncan,Elliot,1984-11-30 00:00:00,Berlin,Berlin,Germany,488952,8488009259,Duncan.Elliot@gmail.com,2021-09-07 00:00:00
57539,Kade,Ben,1954-10-06 00:00:00,Vila Nova de Gaia,Porto,Portugal,163683,9831261701,Kade.Ben@gmail.com,2021-09-09 00:00:00
57540,Musa,Henry,1998-07-12 00:00:00,Salzburg,Salzburg,Austria,547157,9096515210,Musa.Henry@gmail.com,2021-09-09 00:00:00
57541,Mustafa,Sam,1971-08-05 00:00:00,Dijon,Bourgogne-Franche-Comté,France,597985,6337243618,Mustafa.Sam@gmail.com,2021-09-13 00:00:00
57542,Oakley,Alex,1951-01-23 00:00:00,Berlin,Berlin,Germany,464451,6122258214,Oakley.Alex@gmail.com,2021-09-16 00:00:00
57543,Rex,Ellis,1986-12-04 00:00:00,Mumbai,Maharashtra,India,229556,8331281873,Rex.Ellis@gmail.com,2021-09-17 00:00:00
57544,Archer,Gabriel,1955-03-18 00:00:00,Delhi,Delhi,India,204169,6803910409,Archer.Gabriel@gmail.com,2021-09-19 00:00:00
57545,Axel,Jax,1995-12-09 00:00:00,Innsbruck,Tyrol,Austria,915836,9723653076,Axel.Jax@gmail.com,2021-09-21 00:00:00
57546,Ayden,Dean,1955-01-08 00:00:00,Vila Nova de Gaia,Porto,Portugal,277880,7180525977,Ayden.Dean@gmail.com,2021-09-22 00:00:00
57547,Caiden,Idris,1981-10-19 00:00:00,Salzburg,Salzburg,Austria,312365,7882094509,Caiden.Idris@gmail.com,2021-09-25 00:00:00
57548,Craig,Jesse,1989-10-07 00:00:00,Belfast,Belfast,Northern Ireland,693440,9265083971,Craig.Jesse@gmail.com,2021-09-26 00:00:00
57549,Lauchlan,Malcolm,1979-11-12 00:00:00,Berlin,Berlin,Germany,585651,9771171856,Lauchlan.Malcolm@gmail.com,2021-09-26 00:00:00
57550,Lennon,Ibrahim,1981-06-16 00:00:00,Brussels,Brussels-Capital,Belgium,223477,8544957834,Lennon.Ibrahim@gmail.com,2021-09-26 00:00:00
57551,Lukas,Oskar,1979-07-01 00:00:00,Zurich,Zurich,Switzerland,315757,7727753255,Lukas.Oskar@gmail.com,2021-09-27 00:00:00
57552,Maximilian,Reggie,1985-08-15 00:00:00,Nîmes,Occitanie,France,259546,9082613916,Maximilian.Reggie@gmail.com,2021-09-28 00:00:00
57553,Mylo,Shay,1966-12-21 00:00:00,Brandenburg,Potsdam,Germany,467673,8220088430,Mylo.Shay@gmail.com,2021-10-07 00:00:00
57554,Nikodem,Zander,1973-10-16 00:00:00,Klagenfurt am Worthersee,Carinthia,Austria,567264,9296006356,Nikodem.Zander@gmail.com,2021-10-08 00:00:00
57555,Rocco,Alasdair,1984-12-08 00:00:00,Saint Petersburg,Saint Petersburg,Russia,801531,6374648886,Rocco.Alasdair@gmail.com,2021-10-09 00:00:00
57556,Rohan,Ashton,1962-08-07 00:00:00,Brussels,Brussels-Capital,Belgium,908008,6199081503,Rohan.Ashton@gmail.com,2021-10-10 00:00:00
57557,Xavier,Cruz,1978-12-17 00:00:00,Wroclaw,Lower Silesian,Poland,354312,7067964373,Xavier.Cruz@gmail.com,2021-10-12 00:00:00
57558,Abel,Archie,1990-04-21 00:00:00,Villach,Carinthia,Austria,750733,8732427068,Abel.Archie@gmail.com,2021-10-13 00:00:00
57559,Elias,Jacob,1956-05-27 00:00:00,Rome,Lazio,Italy,699625,7630339575,Elias.Jacob@gmail.com,2021-10-14 00:00:00
57560,Eric,Finlay,1998-04-23 00:00:00,Vila Nova de Gaia,Porto,Portugal,265945,6128815387,Eric.Finlay@gmail.com,2021-10-14 00:00:00
57561,Franciszek,Finn,1961-08-21 00:00:00,Amsterdam,North Holland,Netherlands,724697,6917211967,Franciszek.Finn@gmail.com,2021-10-15 00:00:00
57562,Kaleb,Daniel,1981-03-23 00:00:00,Patras,Western Greece,Greece,596034,7417096356,Kaleb.Daniel@gmail.com,2021-10-16 00:00:00
57563,Karson,Joshua,1972-08-22 00:00:00,Salzburg,Salzburg,Austria,135003,6457173408,Karson.Joshua@gmail.com,2021-10-17 00:00:00
57564,Kody,Oscar,1983-04-12 00:00:00,Brussels,Brussels-Capital,Belgium,300471,8612002390,Kody.Oscar@gmail.com,2021-10-18 00:00:00
57565,Lincoln,Arthur,1982-04-14 00:00:00,Berlin,Berlin,Germany,545111,8930983885,Lincoln.Arthur@gmail.com,2021-10-19 00:00:00
57566,Phoenix,Hunter,1959-07-02 00:00:00,Nîmes,Occitanie,France,119574,8370842406,Phoenix.Hunter@gmail.com,2021-10-20 00:00:00
57567,Stephen,Ethan,1955-12-01 00:00:00,Brandenburg,Potsdam,Germany,860033,9283403608,Stephen.Ethan@gmail.com,2021-10-21 00:00:00
57568,Tristan,Calum,1958-06-12 00:00:00,Dublin,Dublin,Ireland,320701,9487186337,Tristan.Calum@gmail.com,2021-10-21 00:00:00
57569,Abdullah,Lochlan,1965-03-06 00:00:00,Belfast,Belfast,Northern Ireland,523272,7792025369,Abdullah.Lochlan@gmail.com,2021-10-21 00:00:00
57570,Dexter,Jayden,1968-10-22 00:00:00,Strasbourg,Grand Est,France,640317,9165390135,Dexter.Jayden@gmail.com,2021-10-22 00:00:00
57571,Ian,Lyle,1976-06-17 00:00:00,Vila Nova de Gaia,Porto,Portugal,167308,8449653106,Ian.Lyle@gmail.com,2021-10-22 00:00:00
57572,Jensen,Robbie,1971-08-18 00:00:00,Brest,Brittany,France,713987,9269580832,Jensen.Robbie@gmail.com,2021-10-23 00:00:00
57573,Jonathan,Calvin,1981-05-26 00:00:00,Berlin,Berlin,Germany,268654,7656801053,Jonathan.Calvin@gmail.com,2021-10-24 00:00:00
57574,Richard,Corey,1955-06-28 00:00:00,Villach,Carinthia,Austria,564100,8420422568,Richard.Corey@gmail.com,2021-10-26 00:00:00
57575,Zayn,Bailey,1974-05-25 00:00:00,Warsaw,Masovian,Poland,184986,7628741723,Zayn.Bailey@gmail.com,2021-10-26 00:00:00
57576,Adrian,Enzo,1956-06-10 00:00:00,Zurich,Zurich,Switzerland,657311,9739029706,Adrian.Enzo@gmail.com,2021-11-02 00:00:00
57577,Aleksander,Lennox,1992-04-27 00:00:00,Nîmes,Occitanie,France,645881,7819860903,Aleksander.Lennox@gmail.com,2021-11-02 00:00:00
57578,Ayaan,Niall,1953-04-24 00:00:00,Brussels,Brussels-Capital,Belgium,435921,6088671542,Ayaan.Niall@gmail.com,2021-11-05 00:00:00
57579,Bruno,Alistair,1994-11-28 00:00:00,Brest,Brittany,France,524346,8342043041,Bruno.Alistair@gmail.com,2021-11-06 00:00:00
57580,Cailean,Colby,1999-01-09 00:00:00,Wroclaw,Lower Silesian,Poland,400725,8782854284,Cailean.Colby@gmail.com,2021-11-06 00:00:00
57581,Christian,Samuel,1974-03-16 00:00:00,Angers,Pays de la Loire,France,133751,9651067285,Christian.Samuel@gmail.com,2021-11-07 00:00:00
57582,Coby,Joseph,1990-11-28 00:00:00,Hamburg,Hamburg,Germany,778438,7916854329,Coby.Joseph@gmail.com,2021-11-10 00:00:00
57583,Conall,David,1960-01-29 00:00:00,Villach,Carinthia,Austria,957586,9105698366,Conall.David@gmail.com,2021-11-14 00:00:00
57584,Haris,Isaac,1988-10-03 00:00:00,Saint Petersburg,Saint Petersburg,Russia,541308,9805232065,Haris.Isaac@gmail.com,2021-11-17 00:00:00
57585,Ivor,Ryan,1951-08-13 00:00:00,Rome,Lazio,Italy,718537,7340962555,Ivor.Ryan@gmail.com,2021-11-17 00:00:00
57586,Kit,Hamish,1992-05-23 00:00:00,Athens,Attica,Greece,876778,6599180310,Kit.Hamish@gmail.com,2021-11-19 00:00:00
57587,Lawson,Sonny,1992-12-21 00:00:00,Belfast,Belfast,Northern Ireland,652803,6275168039,Lawson.Sonny@gmail.com,2021-11-19 00:00:00
57588,Lee,Arlo,1992-11-30 00:00:00,Nîmes,Occitanie,France,793322,9206159981,Lee.Arlo@gmail.com,2021-11-24 00:00:00
57589,Marco,Arran,1972-01-21 00:00:00,Brussels,Brussels-Capital,Belgium,456951,6087210091,Marco.Arran@gmail.com,2021-11-25 00:00:00
57590,Martin,Cole,1980-07-10 00:00:00,Vila Nova de Gaia,Porto,Portugal,627334,9394056553,Martin.Cole@gmail.com,2021-11-26 00:00:00
57591,Matei,Robert,1971-05-15 00:00:00,Brussels,Brussels-Capital,Belgium,782654,7316757665,Matei.Robert@gmail.com,2021-11-26 00:00:00
57592,Munro,Blair,1950-12-04 00:00:00,Le Mans,Pays de la Loire,France,413083,9749459314,Munro.Blair@gmail.com,2021-11-27 00:00:00
57593,Oliwier,Dylan,1980-11-13 00:00:00,Villach,Carinthia,Austria,241530,6577701592,Oliwier.Dylan@gmail.com,2021-11-27 00:00:00
57594,River,Louie,1973-10-28 00:00:00,Hamburg,Hamburg,Germany,541297,6353529796,River.Louie@gmail.com,2021-11-27 00:00:00
57595,Ruari,Vincent,1950-02-26 00:00:00,Thessaloniki,Central Macedonia,Greece,853370,9019913871,Ruari.Vincent@gmail.com,2021-11-28 00:00:00
57596,Stanley,Ali,1978-10-10 00:00:00,Zurich,Zurich,Switzerland,655505,9080686603,Stanley.Ali@gmail.com,2021-12-02 00:00:00
57597,Szymon,Asher,1954-07-14 00:00:00,Belfast,Belfast,Northern Ireland,689194,7973575547,Szymon.Asher@gmail.com,2021-12-03 00:00:00
57598,Tom,Bailey,1991-08-30 00:00:00,Warsaw,Masovian,Poland,482510,8818906472,Tom.Bailey@gmail.com,2021-12-03 00:00:00
57599,Tymon,Enzo,1956-06-02 00:00:00,Brussels,Brussels-Capital,Belgium,571582,7074239339,Tymon.Enzo@gmail.com,2021-12-04 00:00:00
57600,Bruce,Lennox,1954-12-13 00:00:00,Villeurbanne,Auvergne-Rhône-Alpes,France,123374,7222221748,Bruce.Lennox@gmail.com,2021-12-08 00:00:00
57601,Darragh,Niall,1957-02-24 00:00:00,Hamburg,Hamburg,Germany,452319,9068052124,Darragh.Niall@gmail.com,2021-12-09 00:00:00
57602,Dean,Alistair,1984-08-12 00:00:00,Villach,Carinthia,Austria,423581,6464899125,Dean.Alistair@gmail.com,2021-12-11 00:00:00
57603,Idris,Colby,1981-10-23 00:00:00,Dublin,Dublin,Ireland,177875,9470333712,Idris.Colby@gmail.com,2021-12-19 00:00:00
57604,Jesse,Francis,1968-04-18 00:00:00,Rome,Lazio,Italy,720109,8564208748,Jesse.Francis@gmail.com,2021-12-22 00:00:00
57605,Malcolm,Julian,1985-03-08 00:00:00,Amsterdam,North Holland,Netherlands,920922,8894642998,Malcolm.Julian@gmail.com,2021-12-28 00:00:00