EmployeeID,Name,Department,Salary,JoinDate,Email,Age,PerformanceScore,ProjectCount
108,Diana,Sales,41733.35,2019-04-18,diana108@example.com,55,Excellent,1
16,Evan,IT,87037.76,2019-01-16,evan16@example.com,31,Poor,6
951,Charlie,Finance,89898.73,2021-08-08,charlie951@example.com,32,Poor,9
239,Charlie,HR,80130.55,2019-08-27,charlie239@example.com,24,Poor,6
516,Charlie,Marketing,36887.7,2020-05-30,charlie516@example.com,34,Average,3
491,Hannah,Sales,76154.77,2020-05-05,hannah491@example.com,36,Average,3
739,Evan,,,2021-01-08,evan739@example.com,52,Average,3
918,Diana,Finance,86343.47,2021-07-06,diana918@example.com,45,Excellent,9
810,Evan,Finance,78712.94,2021-03-20,evan810@example.com,28,Excellent,5
45,Diana,Sales,35053.89,2019-02-14,diana45@example.com,25,Poor,6
941,Diana,Sales,76746.33,2021-07-29,diana941@example.com,34,Average,2
419,Hannah,HR,84653.31,2020-02-23,hannah419@example.com,46,Average,2
14,Charlie,Sales,86120.97,2019-01-14,charlie14@example.com,56,Excellent,9
956,Charlie,,38045.31,2021-08-13,charlie956@example.com,57,Excellent,8
948,Hannah,Sales,32426.92,2021-08-05,hannah948@example.com,49,Good,9
645,Hannah,IT,64877.9,2020-10-06,hannah645@example.com,26,Poor,7
815,Diana,,49383.31,2021-03-25,diana815@example.com,28,Excellent,4
404,Alice,Finance,39461.64,2020-02-08,alice404@example.com,36,Average,5
407,Fiona,Finance,97607.55,2020-02-11,fiona407@example.com,21,Poor,4
190,Fiona,Finance,30403.11,2019-07-09,fiona190@example.com,53,Poor,8
58,Alice,Sales,70507.28,2019-02-27,alice58@example.com,42,Excellent,9
243,Diana,HR,42680.45,2019-08-31,diana243@example.com,48,Poor,1
65,George,IT,49377.95,2019-03-06,george65@example.com,44,Excellent,6
970,Charlie,Finance,61036.6,2021-08-27,charlie970@example.com,41,Poor,9
369,Charlie,Marketing,94357.44,2020-01-04,charlie369@example.com,20,Poor,5
723,Diana,Finance,54314.03,2020-12-23,diana723@example.com,23,Average,3
446,Charlie,IT,58989.08,2020-03-21,charlie446@example.com,36,Good,9
424,Charlie,Marketing,78652.47,2020-02-28,charlie424@example.com,57,Poor,5
355,Hannah,Finance,84741.97,2019-12-21,hannah355@example.com,44,Good,3
742,Fiona,IT,54465.45,2021-01-11,fiona742@example.com,21,Average,6
613,Diana,Finance,97065.14,2020-09-04,diana613@example.com,35,Good,4
515,Bob,IT,42187.65,2020-05-29,bob515@example.com,29,Good,9
297,Fiona,IT,78470.53,2019-10-24,fiona297@example.com,37,Excellent,2
610,Hannah,IT,32471.79,2020-09-01,hannah610@example.com,22,Good,9
683,George,Marketing,48150.77,2020-11-13,george683@example.com,37,Excellent,3
995,Diana,Sales,63742.87,2021-09-21,diana995@example.com,25,Poor,9
212,George,Sales,57917.59,2019-07-31,george212@example.com,36,Poor,8
196,Bob,HR,61408.55,2019-07-15,bob196@example.com,58,Poor,3
527,Charlie,HR,44398.11,2020-06-10,charlie527@example.com,32,Excellent,5
94,Fiona,IT,39161.16,2019-04-04,fiona94@example.com,48,Average,7
40,Charlie,Marketing,99743.37,2019-02-09,,,,
755,Bob,Finance,68047.68,2021-01-24,bob755@example.com,44,Good,5
99,Fiona,Marketing,41883.05,2019-04-09,fiona99@example.com,50,Poor,3
813,Alice,Sales,90002.55,2021-03-23,alice813@example.com,55,Poor,3
174,Diana,,58483.56,2019-06-23,,,,
152,Charlie,HR,,2019-06-01,charlie152@example.com,32,Good,1
378,Alice,Finance,91458.2,2020-01-13,alice378@example.com,21,Average,3
536,Fiona,,50497.54,2020-06-19,fiona536@example.com,46,Poor,3
779,Hannah,Marketing,44341.69,2021-02-17,hannah779@example.com,36,Average,6
177,Charlie,Marketing,69691.14,2019-06-26,charlie177@example.com,36,Average,5
520,Bob,HR,31466.15,2020-06-03,bob520@example.com,35,Poor,2
632,Diana,Marketing,36509.34,2020-09-23,diana632@example.com,50,Poor,6
843,Alice,,35558.46,2021-04-22,alice843@example.com,53,Average,9
156,Bob,HR,77827.36,2019-06-05,bob156@example.com,35,Average,1
340,Diana,Sales,85681.5,2019-12-06,diana340@example.com,55,Average,4
509,Hannah,HR,54727.6,2020-05-23,hannah509@example.com,58,Average,9
246,Fiona,Finance,66761.44,2019-09-03,fiona246@example.com,20,Excellent,2
358,Hannah,Finance,51218.98,2019-12-24,hannah358@example.com,21,Average,1
617,Alice,Marketing,51392.3,2020-09-08,alice617@example.com,57,Average,3
839,Diana,Finance,69182.9,2021-04-18,diana839@example.com,52,Excellent,4
380,Alice,HR,86414.78,2020-01-15,alice380@example.com,34,Average,7
180,Charlie,HR,,2019-06-29,charlie180@example.com,38,Poor,7
575,George,IT,39221.01,2020-07-28,george575@example.com,58,Poor,9
305,Bob,HR,35996.08,2019-11-01,bob305@example.com,54,Average,8
34,Bob,,85278.9,2019-02-03,bob34@example.com,29,Poor,2
46,Diana,Sales,32145.68,2019-02-15,diana46@example.com,20,Poor,4
885,Hannah,Marketing,78590.54,2021-06-03,hannah885@example.com,45,Excellent,5
772,Evan,Marketing,85039.47,2021-02-10,,,,
182,George,Marketing,76731.54,2019-07-01,george182@example.com,37,Poor,7
150,Hannah,Finance,,2019-05-30,hannah150@example.com,45,Excellent,6
556,Hannah,Marketing,,2020-07-09,hannah556@example.com,52,Poor,1
130,Diana,Sales,40384.02,2019-05-10,diana130@example.com,43,Average,6
252,Alice,IT,63848.2,2019-09-09,alice252@example.com,44,Excellent,2
395,Charlie,Marketing,72437.71,2020-01-30,charlie395@example.com,51,Good,9
728,Charlie,Finance,69211.77,2020-12-28,charlie728@example.com,30,Poor,4
6,Hannah,Sales,79453.3,2019-01-06,hannah6@example.com,45,Excellent,9
162,Alice,IT,95166.41,2019-06-11,alice162@example.com,41,Average,7
460,Charlie,IT,46884.1,2020-04-04,charlie460@example.com,58,Average,6
646,Evan,IT,35394.08,2020-10-07,evan646@example.com,42,Average,1
635,Bob,HR,,2020-09-26,bob635@example.com,34,Average,6
802,Fiona,Sales,85499.81,2021-03-12,fiona802@example.com,31,Poor,3
78,Diana,,42668.39,2019-03-19,diana78@example.com,53,Average,7
783,Hannah,HR,46715.73,2021-02-21,hannah783@example.com,50,Poor,2
252,Alice,IT,63848.2,2019-09-09,,,,
552,Diana,Finance,46848.49,2020-07-05,diana552@example.com,23,Poor,3
181,Evan,IT,52892.32,2019-06-30,evan181@example.com,49,Excellent,9
719,Hannah,HR,,2020-12-19,hannah719@example.com,30,Average,3
405,Hannah,IT,,2020-02-09,hannah405@example.com,26,Average,2
295,Bob,HR,59973.97,2019-10-22,bob295@example.com,33,Good,6
793,Evan,Marketing,37383.16,2021-03-03,evan793@example.com,38,Excellent,7
602,Hannah,Sales,81314.99,2020-08-24,hannah602@example.com,45,Average,1
238,Fiona,Marketing,72723.36,2019-08-26,fiona238@example.com,47,Excellent,8
276,Diana,IT,,2019-10-03,diana276@example.com,58,Poor,2
831,Evan,Sales,98887.72,2021-04-10,evan831@example.com,57,Poor,5
813,Alice,Sales,90002.55,2021-03-23,,,,
847,Bob,IT,87334.45,2021-04-26,bob847@example.com,28,Poor,8
187,Bob,HR,87248.4,2019-07-06,bob187@example.com,38,Good,4
795,Alice,Sales,87547.22,2021-03-05,alice795@example.com,37,Good,3
382,Fiona,HR,51327.54,2020-01-17,fiona382@example.com,36,Poor,5
733,Alice,HR,81157.47,2021-01-02,alice733@example.com,26,Excellent,1
519,Hannah,Finance,48553.25,2020-06-02,hannah519@example.com,52,Excellent,6
676,Evan,Sales,31833.77,2020-11-06,evan676@example.com,42,Poor,9
222,Charlie,Marketing,30529.4,2019-08-10,charlie222@example.com,52,Average,4
612,Bob,Finance,44173.64,2020-09-03,bob612@example.com,32,Good,9
98,Diana,Sales,35144.77,2019-04-08,diana98@example.com,23,Good,9
394,Hannah,,64094.33,2020-01-29,hannah394@example.com,56,Good,9
734,Hannah,Marketing,98690.8,2021-01-03,hannah734@example.com,58,Good,1
50,Fiona,IT,80901.83,2019-02-19,fiona50@example.com,56,Poor,3
354,Hannah,Marketing,87824.73,2019-12-20,hannah354@example.com,39,Good,7
689,George,Sales,62073.08,2020-11-19,george689@example.com,39,Good,5
907,Bob,IT,98376.02,2021-06-25,bob907@example.com,44,Excellent,8
236,Diana,Marketing,67741.29,2019-08-24,diana236@example.com,57,Poor,8
598,George,IT,58104.6,2020-08-20,george598@example.com,45,Average,1
30,Diana,Finance,45344.98,2019-01-30,diana30@example.com,56,Good,6
590,Evan,,83278.51,2020-08-12,evan590@example.com,29,Poor,8
887,Alice,Marketing,51371.75,2021-06-05,alice887@example.com,25,Poor,1
263,Evan,HR,72768.67,2019-09-20,evan263@example.com,21,Poor,3
651,George,Sales,85203.05,2020-10-12,george651@example.com,47,Good,3
725,Alice,Sales,31527.64,2020-12-25,alice725@example.com,54,Excellent,1
842,Hannah,Marketing,92318.06,2021-04-21,hannah842@example.com,27,Good,2
360,Charlie,,55209.55,2019-12-26,charlie360@example.com,41,Average,8
149,Alice,HR,77082.15,2019-05-29,alice149@example.com,43,Good,3
501,George,Finance,32917.1,2020-05-15,,,,
873,Bob,HR,74389.95,2021-05-22,,,,
587,Fiona,IT,78221.97,2020-08-09,fiona587@example.com,53,Excellent,4
720,Diana,,39747.18,2020-12-20,diana720@example.com,20,Poor,8
968,Fiona,IT,72134.64,2021-08-25,fiona968@example.com,25,Poor,2
126,Hannah,IT,95371.25,2019-05-06,,,,
660,Bob,IT,81496.42,2020-10-21,bob660@example.com,45,Average,9
91,Hannah,HR,75971.57,2019-04-01,hannah91@example.com,57,Poor,9
675,Diana,Marketing,53415.79,2020-11-05,diana675@example.com,20,Excellent,3
960,George,Marketing,88050.08,2021-08-17,george960@example.com,43,Good,6
749,Alice,IT,66637.36,2021-01-18,alice749@example.com,47,Poor,2
718,Diana,HR,34385.72,2020-12-18,,,,
73,Alice,Sales,80107.75,2019-03-14,alice73@example.com,24,Average,3
329,Hannah,IT,69360.78,2019-11-25,hannah329@example.com,51,Poor,9
901,Evan,Sales,37769.26,2021-06-19,evan901@example.com,49,Poor,9
251,Fiona,HR,97404.88,2019-09-08,fiona251@example.com,22,Excellent,1
469,Evan,HR,36865.78,2020-04-13,evan469@example.com,22,Excellent,2
892,George,Finance,95681.34,2021-06-10,george892@example.com,58,Poor,8
864,Bob,Sales,54355.9,2021-05-13,bob864@example.com,58,Average,8
272,Hannah,,59661.68,2019-09-29,hannah272@example.com,55,Good,2
752,Evan,Sales,80597,2021-01-21,evan752@example.com,54,Good,1
694,Diana,Marketing,64752.28,2020-11-24,diana694@example.com,20,Poor,9
385,Evan,IT,42146.72,2020-01-20,evan385@example.com,50,Good,9
568,Hannah,Marketing,75931.33,2020-07-21,hannah568@example.com,30,Good,6
133,Alice,IT,30345.8,2019-05-13,alice133@example.com,45,Average,7
352,Alice,Finance,82868.93,2019-12-18,alice352@example.com,23,Excellent,3
315,Charlie,Sales,46359.85,2019-11-11,charlie315@example.com,54,Poor,1
128,Alice,Finance,65506.44,2019-05-08,alice128@example.com,36,Poor,9
906,Bob,Marketing,56628.04,2021-06-24,bob906@example.com,59,Excellent,2
390,Alice,Sales,87573.64,2020-01-25,alice390@example.com,53,Average,7
418,Bob,Sales,34294.47,2020-02-22,bob418@example.com,28,Excellent,5
219,Hannah,Marketing,96886.66,2019-08-07,hannah219@example.com,52,Average,9
603,Diana,HR,73118.98,2020-08-25,diana603@example.com,27,Good,2
594,Diana,HR,47267.52,2020-08-16,diana594@example.com,25,Good,4
549,Bob,Sales,60758.35,2020-07-02,bob549@example.com,28,Excellent,8
855,George,Sales,64594.87,2021-05-04,george855@example.com,45,Excellent,7
370,George,Marketing,64787.44,2020-01-05,george370@example.com,26,Poor,4
921,Evan,HR,80866.97,2021-07-09,evan921@example.com,48,Excellent,6
559,Hannah,Sales,90295.9,2020-07-12,hannah559@example.com,46,Average,5
669,Evan,Finance,88786.16,2020-10-30,evan669@example.com,55,Average,4
996,Evan,Marketing,43726.84,2021-09-22,evan996@example.com,38,Good,6
376,Diana,IT,87221.48,2020-01-11,diana376@example.com,58,Average,3
534,Alice,Sales,97794.21,2020-06-17,alice534@example.com,46,Average,6
230,Evan,IT,37099.46,2019-08-18,evan230@example.com,46,Good,6
158,Bob,Sales,,2019-06-07,bob158@example.com,49,Excellent,3
145,Hannah,Finance,44129.74,2019-05-25,hannah145@example.com,50,Good,9
607,George,HR,68795.86,2020-08-29,,,,
314,George,Marketing,86024.96,2019-11-10,george314@example.com,43,Good,5
678,Hannah,Sales,88218.79,2020-11-08,hannah678@example.com,44,Average,7
726,Evan,Sales,76465.28,2020-12-26,evan726@example.com,32,Good,8
367,Fiona,Marketing,72041.6,2020-01-02,fiona367@example.com,43,Excellent,8
409,Diana,Finance,51827.13,2020-02-13,diana409@example.com,29,Poor,5
371,Diana,Sales,,2020-01-06,diana371@example.com,50,Poor,9
955,Charlie,Marketing,71928.5,2021-08-12,charlie955@example.com,20,Good,1
769,Diana,Sales,,2021-02-07,diana769@example.com,37,Average,8
283,Fiona,Finance,31654.7,2019-10-10,fiona283@example.com,23,Excellent,1
79,George,IT,89806.96,2019-03-20,george79@example.com,32,Good,1
453,Fiona,IT,31343.46,2020-03-28,fiona453@example.com,22,Average,4
109,Fiona,IT,32567,2019-04-19,fiona109@example.com,56,Average,2
875,Bob,,77332.43,2021-05-24,bob875@example.com,29,Average,7
836,Diana,Finance,59924.28,2021-04-15,diana836@example.com,32,Poor,4
168,George,Finance,75586.31,2019-06-17,george168@example.com,42,Average,9
667,Fiona,Sales,38283.53,2020-10-28,fiona667@example.com,24,Average,9
442,Hannah,HR,92062.3,2020-03-17,hannah442@example.com,36,Poor,1
860,George,IT,87818.47,2021-05-09,george860@example.com,22,Average,8
891,George,Finance,75721.4,2021-06-09,george891@example.com,30,Average,6
604,Fiona,HR,43161.73,2020-08-26,fiona604@example.com,24,Average,7
36,Evan,HR,64873.7,2019-02-05,evan36@example.com,34,Average,7
574,Bob,Finance,41537.04,2020-07-27,bob574@example.com,47,Poor,4
290,Hannah,Sales,64773.68,2019-10-17,hannah290@example.com,43,Good,4
422,Bob,Finance,99640.64,2020-02-26,bob422@example.com,40,Average,1
148,Charlie,HR,36573.05,2019-05-28,charlie148@example.com,53,Excellent,1
118,Fiona,Marketing,37834.37,2019-04-28,fiona118@example.com,34,Good,7
466,George,IT,68357.16,2020-04-10,george466@example.com,59,Average,2
804,Alice,HR,74420.77,2021-03-14,alice804@example.com,24,Average,6
140,Alice,IT,76680.5,2019-05-20,alice140@example.com,26,Excellent,6
254,Evan,,68515.86,2019-09-11,,,,
240,Hannah,,49083.68,2019-08-28,hannah240@example.com,40,Average,6
224,Diana,Marketing,92862.14,2019-08-12,diana224@example.com,55,Excellent,7
335,Fiona,Marketing,36767.35,2019-12-01,fiona335@example.com,37,Excellent,4
700,Charlie,HR,39474.79,2020-11-30,charlie700@example.com,43,Average,1
664,Fiona,Finance,59487.36,2020-10-25,fiona664@example.com,27,Good,7
498,Diana,HR,,2020-05-12,,,,
593,Evan,Finance,30653.21,2020-08-15,evan593@example.com,40,Average,8
96,Fiona,HR,61765.27,2019-04-06,fiona96@example.com,29,Average,7
49,Fiona,IT,90779.08,2019-02-18,fiona49@example.com,45,Good,1
762,Bob,Finance,76831.56,2021-01-31,bob762@example.com,56,Average,5
274,Hannah,Finance,36687.47,2019-10-01,hannah274@example.com,36,Excellent,9
319,George,Marketing,67307.05,2019-11-15,george319@example.com,31,Good,4
537,Hannah,Finance,98597.92,2020-06-20,hannah537@example.com,45,Excellent,2
895,Diana,IT,85191.31,2021-06-13,diana895@example.com,37,Poor,1
139,George,Marketing,64219.26,2019-05-19,george139@example.com,23,Excellent,4
964,George,Finance,60129.92,2021-08-21,george964@example.com,47,Poor,1
555,Alice,IT,92084.74,2020-07-08,alice555@example.com,30,Poor,4
940,Bob,Sales,89658.47,2021-07-28,,,,
977,Hannah,Finance,37295.74,2021-09-03,hannah977@example.com,41,Good,2
572,Charlie,Sales,95617.16,2020-07-25,charlie572@example.com,54,Good,4
410,Fiona,HR,,2020-02-14,fiona410@example.com,58,Good,8
153,Alice,IT,78483.82,2019-06-02,alice153@example.com,34,Good,1
287,Alice,Finance,46236.3,2019-10-14,alice287@example.com,49,Average,3
88,Alice,Finance,57375.71,2019-03-29,alice88@example.com,56,Excellent,4
93,Bob,Marketing,84143.12,2019-04-03,bob93@example.com,24,Poor,1
193,Alice,IT,57732.09,2019-07-12,alice193@example.com,29,Poor,8
389,Alice,Finance,74868.05,2020-01-24,alice389@example.com,57,Poor,9
505,George,Marketing,34987.97,2020-05-19,george505@example.com,56,Good,8
514,Fiona,Marketing,42963.69,2020-05-28,fiona514@example.com,50,Good,2
215,Charlie,HR,72553.36,2019-08-03,charlie215@example.com,59,Poor,9
414,Alice,Finance,45122.67,2020-02-18,alice414@example.com,38,Average,6
83,Evan,IT,61171.37,2019-03-24,evan83@example.com,57,Poor,1
902,Diana,HR,61293.89,2021-06-20,diana902@example.com,27,Poor,3
823,Fiona,,60822.64,2021-04-02,,,,
763,Evan,IT,62360.69,2021-02-01,evan763@example.com,55,Excellent,7
917,Bob,Sales,82777.33,2021-07-05,bob917@example.com,51,Excellent,4
997,Alice,IT,72754.6,2021-09-23,alice997@example.com,22,Good,1
531,Alice,IT,75073.3,2020-06-14,alice531@example.com,58,Average,7
654,Evan,IT,40321.68,2020-10-15,evan654@example.com,33,Good,3
615,Fiona,Sales,52885.21,2020-09-06,fiona615@example.com,21,Poor,8
102,Bob,IT,88021.84,2019-04-12,bob102@example.com,59,Average,9
958,Alice,HR,93673.88,2021-08-15,alice958@example.com,25,Poor,5
103,Bob,HR,60162.13,2019-04-13,bob103@example.com,55,Good,7
213,Evan,Marketing,70612.07,2019-08-01,,,,
362,Alice,IT,95587.05,2019-12-28,alice362@example.com,42,Average,2
397,Hannah,Sales,42238.7,2020-02-01,hannah397@example.com,22,Average,7
540,Bob,IT,82365.12,2020-06-23,bob540@example.com,24,Good,2
510,Bob,IT,50757.49,2020-05-24,bob510@example.com,37,Poor,4
247,Alice,Marketing,79633.24,2019-09-04,alice247@example.com,22,Average,7
507,Hannah,Sales,96955.1,2020-05-21,hannah507@example.com,41,Good,9
794,Diana,Finance,75974.61,2021-03-04,diana794@example.com,56,Excellent,9
871,Evan,HR,62990.1,2021-05-20,evan871@example.com,51,Excellent,7
366,George,Finance,61304.18,2020-01-01,george366@example.com,34,Poor,8
349,Hannah,Marketing,66467.06,2019-12-15,hannah349@example.com,33,Average,7
983,Diana,Marketing,82051.57,2021-09-09,,,,
400,Alice,Finance,40246.18,2020-02-04,alice400@example.com,29,Poor,1
447,Charlie,HR,87927.65,2020-03-22,charlie447@example.com,21,Average,8
280,Bob,HR,90395.8,2019-10-07,bob280@example.com,58,Poor,7
768,Hannah,Sales,65875.19,2021-02-06,hannah768@example.com,35,Excellent,5
975,Diana,HR,46620.34,2021-09-01,diana975@example.com,54,Excellent,1
707,Diana,HR,48319.4,2020-12-07,diana707@example.com,54,Average,3
431,Alice,HR,78451.29,2020-03-06,alice431@example.com,59,Good,1
92,Diana,HR,52763.3,2019-04-02,diana92@example.com,34,Good,7
927,Evan,Marketing,79258.02,2021-07-15,evan927@example.com,52,Good,6
811,Charlie,,85528.29,2021-03-21,charlie811@example.com,52,Average,6
26,Fiona,Finance,34224.65,2019-01-26,fiona26@example.com,59,Good,7
771,Evan,HR,33636.96,2021-02-09,,,,
244,Alice,,77678.25,2019-09-01,alice244@example.com,38,Good,4
114,Fiona,Finance,86396.91,2019-04-24,,,,
221,Charlie,Marketing,43704.46,2019-08-09,charlie221@example.com,33,Good,6
695,Bob,Sales,60579.55,2020-11-25,bob695@example.com,36,Excellent,2
567,Bob,IT,84351.32,2020-07-20,bob567@example.com,55,Excellent,8
374,Hannah,HR,95141.67,2020-01-09,hannah374@example.com,57,Poor,2
674,Fiona,HR,55356.48,2020-11-04,fiona674@example.com,46,Good,2
665,Alice,Marketing,74532.42,2020-10-26,alice665@example.com,42,Average,7
64,Alice,IT,59520.46,2019-03-05,alice64@example.com,50,Poor,8
952,Diana,Marketing,66501.2,2021-08-09,diana952@example.com,58,Poor,9
392,Charlie,Sales,90341.01,2020-01-27,charlie392@example.com,33,Poor,8
135,George,Sales,74738.4,2019-05-15,george135@example.com,42,Excellent,6
127,Bob,Finance,52130.93,2019-05-07,bob127@example.com,45,Good,2
304,Fiona,HR,35559.36,2019-10-31,fiona304@example.com,30,Good,7
401,Hannah,Marketing,55727.41,2020-02-05,hannah401@example.com,22,Average,1
220,George,IT,31276.28,2019-08-08,george220@example.com,32,Poor,2
944,Evan,Marketing,42973.11,2021-08-01,evan944@example.com,52,Excellent,1
185,Alice,Sales,,2019-07-04,alice185@example.com,55,Poor,1
379,Bob,Sales,90763.97,2020-01-14,,,,
532,Hannah,IT,67121.15,2020-06-15,hannah532@example.com,39,Poor,4
426,Evan,Sales,46742.61,2020-03-01,evan426@example.com,43,Poor,4
323,Diana,Sales,99589.76,2019-11-19,diana323@example.com,20,Excellent,2
409,Diana,Finance,51827.13,2020-02-13,,,,
967,Evan,Sales,84171.58,2021-08-24,evan967@example.com,48,Average,3
899,George,HR,76951.26,2021-06-17,george899@example.com,41,Excellent,7
363,Alice,HR,68766.16,2019-12-29,alice363@example.com,39,Average,4
194,George,Marketing,78682.7,2019-07-13,george194@example.com,51,Poor,3
753,Bob,HR,34736.79,2021-01-22,bob753@example.com,49,Poor,6
343,Charlie,Sales,57952.11,2019-12-09,charlie343@example.com,28,Excellent,6
614,Bob,IT,55755.85,2020-09-05,bob614@example.com,40,Poor,6
60,Evan,HR,,2019-03-01,evan60@example.com,49,Good,4
271,Fiona,Marketing,,2019-09-28,fiona271@example.com,21,Average,2
648,Alice,IT,53396.68,2020-10-09,alice648@example.com,48,Excellent,1
444,Hannah,Sales,43623.58,2020-03-19,hannah444@example.com,59,Average,3
897,Fiona,Sales,48220.08,2021-06-15,fiona897@example.com,55,Poor,2
439,George,Finance,66892.9,2020-03-14,george439@example.com,32,Poor,1
301,Alice,Sales,80703.72,2019-10-28,alice301@example.com,36,Good,4
658,Charlie,Marketing,45442.84,2020-10-19,charlie658@example.com,43,Average,5
757,Bob,IT,62081.04,2021-01-26,bob757@example.com,38,Average,6
256,Charlie,Marketing,74320.6,2019-09-13,charlie256@example.com,40,Average,9
989,Bob,IT,63074.53,2021-09-15,bob989@example.com,32,Poor,8
111,Hannah,Finance,76466.32,2019-04-21,hannah111@example.com,28,Excellent,2
43,Bob,Sales,43967.97,2019-02-12,bob43@example.com,55,Good,9
398,Fiona,IT,65179.63,2020-02-02,fiona398@example.com,41,Good,2
13,Charlie,Finance,79986.09,2019-01-13,charlie13@example.com,32,Average,8
966,Alice,HR,60421.72,2021-08-23,alice966@example.com,36,Poor,1
890,Alice,HR,51276.25,2021-06-08,alice890@example.com,21,Average,9
105,Bob,Marketing,73200.15,2019-04-15,bob105@example.com,42,Excellent,5
206,Evan,Finance,90433.36,2019-07-25,evan206@example.com,58,Good,8
758,Charlie,HR,63928.74,2021-01-27,charlie758@example.com,20,Poor,4
748,George,HR,69285.6,2021-01-17,george748@example.com,51,Average,5
596,Diana,Sales,,2020-08-18,diana596@example.com,29,Excellent,4
1,George,HR,86041.07,2019-01-01,george1@example.com,49,Poor,3
361,Diana,Sales,,2019-12-27,diana361@example.com,50,Poor,1
341,Charlie,Marketing,94902.45,2019-12-07,charlie341@example.com,37,Excellent,9
765,Evan,HR,75568.14,2021-02-03,evan765@example.com,23,Good,2
454,Fiona,Finance,48186.92,2020-03-29,fiona454@example.com,54,Excellent,9
114,Fiona,Finance,86396.91,2019-04-24,fiona114@example.com,53,Average,2
526,George,Sales,56735.77,2020-06-09,george526@example.com,49,Good,8
629,George,IT,73371.25,2020-09-20,george629@example.com,40,Poor,7
862,Alice,Marketing,46791.19,2021-05-11,,,,
972,George,HR,74191.53,2021-08-29,george972@example.com,45,Good,1
910,Fiona,Finance,32941.73,2021-06-28,fiona910@example.com,30,Excellent,2
696,Diana,HR,81065.58,2020-11-26,diana696@example.com,20,Average,9
806,Diana,Sales,57717.93,2021-03-16,diana806@example.com,51,Poor,1
939,Fiona,HR,93202.65,2021-07-27,fiona939@example.com,24,Excellent,2
35,Fiona,,76109.54,2019-02-04,fiona35@example.com,32,Good,2
441,Alice,Sales,39149.73,2020-03-16,alice441@example.com,25,Average,1
585,Fiona,Sales,50828.39,2020-08-07,fiona585@example.com,28,Excellent,9
54,Diana,HR,55972.71,2019-02-23,diana54@example.com,46,Average,4
399,Hannah,HR,57906.41,2020-02-03,hannah399@example.com,41,Excellent,9
727,Charlie,,97437.61,2020-12-27,charlie727@example.com,29,Poor,7
606,Charlie,HR,84865.42,2020-08-28,charlie606@example.com,35,Average,7
554,Diana,Finance,43822.93,2020-07-07,diana554@example.com,48,Average,1
191,George,HR,52721.01,2019-07-10,george191@example.com,21,Good,4
740,Diana,Finance,98040.37,2021-01-09,diana740@example.com,56,Good,8
932,Diana,HR,62813.76,2021-07-20,diana932@example.com,51,Average,8
937,Fiona,Marketing,82023.52,2021-07-25,fiona937@example.com,24,Good,5
692,Fiona,Finance,35642.11,2020-11-22,fiona692@example.com,39,Average,5
548,Diana,Marketing,60245.38,2020-07-01,diana548@example.com,38,Poor,3
217,Diana,Finance,86909,2019-08-05,diana217@example.com,38,Excellent,4
225,Bob,,47043.76,2019-08-13,bob225@example.com,29,Average,7
872,Hannah,Marketing,98537.35,2021-05-21,hannah872@example.com,37,Good,7
636,Bob,Sales,34539.75,2020-09-27,bob636@example.com,49,Average,3
155,Evan,HR,96123,2019-06-04,evan155@example.com,23,Excellent,4
835,Alice,HR,91734.94,2021-04-14,alice835@example.com,57,Good,2
430,Diana,HR,37073.21,2020-03-05,diana430@example.com,56,Good,2
789,Hannah,Sales,62475.2,2021-02-27,hannah789@example.com,54,Excellent,7
356,George,IT,79612.13,2019-12-22,george356@example.com,47,Average,6
348,Diana,Marketing,88942.33,2019-12-14,diana348@example.com,24,Average,3
159,Alice,Marketing,90823.35,2019-06-08,alice159@example.com,55,Average,2
357,Bob,IT,32531.23,2019-12-23,bob357@example.com,31,Good,5
642,Fiona,IT,86349.23,2020-10-03,fiona642@example.com,39,Average,2
332,Alice,IT,78300.34,2019-11-28,alice332@example.com,37,Excellent,1
175,Hannah,HR,90952.74,2019-06-24,hannah175@example.com,40,Excellent,6
498,Diana,HR,,2020-05-12,diana498@example.com,21,Poor,3
911,Charlie,Finance,81793.29,2021-06-29,,,,
458,Hannah,Finance,45064.13,2020-04-02,hannah458@example.com,39,Poor,4
626,Bob,HR,,2020-09-17,bob626@example.com,57,Good,9
579,Bob,Finance,65409.69,2020-08-01,bob579@example.com,39,Excellent,8
994,Diana,HR,,2021-09-20,diana994@example.com,22,Average,8
313,Diana,IT,34732.88,2019-11-09,diana313@example.com,47,Poor,3
429,Alice,Marketing,51229.26,2020-03-04,alice429@example.com,23,Poor,9
284,George,HR,74938.01,2019-10-11,george284@example.com,57,Average,2
852,Bob,HR,87514.58,2021-05-01,bob852@example.com,31,Poor,1
308,Bob,Sales,52636.01,2019-11-04,bob308@example.com,20,Average,2
347,Charlie,Finance,67797,2019-12-13,charlie347@example.com,37,Good,6
3,Evan,HR,41723.78,2019-01-03,evan3@example.com,38,Excellent,6
234,Diana,Sales,51510.3,2019-08-22,diana234@example.com,42,Good,8
584,Bob,IT,65585.24,2020-08-06,bob584@example.com,24,Poor,6
943,Hannah,IT,92461.17,2021-07-31,hannah943@example.com,47,Good,5
702,Hannah,HR,75986.86,2020-12-02,hannah702@example.com,45,Excellent,9
736,Charlie,Finance,75792.22,2021-01-05,charlie736@example.com,31,Excellent,7
253,Diana,IT,86419.48,2019-09-10,diana253@example.com,57,Excellent,9
928,Diana,IT,67848.89,2021-07-16,diana928@example.com,35,Poor,1
738,Evan,,69573.12,2021-01-07,evan738@example.com,45,Average,2
211,George,Sales,56613.69,2019-07-30,george211@example.com,28,Excellent,1
151,Charlie,Sales,90769.96,2019-05-31,charlie151@example.com,35,Poor,2
432,Fiona,Marketing,34360.43,2020-03-07,fiona432@example.com,54,Good,2
578,Fiona,Finance,44945.8,2020-07-31,fiona578@example.com,57,Good,3
538,George,IT,72131.71,2020-06-21,george538@example.com,26,Poor,9
729,Evan,Marketing,95577.57,2020-12-29,evan729@example.com,37,Excellent,5
172,Evan,IT,33374.84,2019-06-21,evan172@example.com,47,Good,5
730,Diana,Finance,33658.05,2020-12-30,diana730@example.com,53,Excellent,1
228,Fiona,IT,95410.52,2019-08-16,fiona228@example.com,20,Poor,6
328,George,IT,34209.96,2019-11-24,george328@example.com,37,Average,4
198,Diana,Finance,56127.63,2019-07-17,diana198@example.com,29,Excellent,2
947,Evan,Marketing,85620.48,2021-08-04,,,,
803,Alice,Sales,70431.54,2021-03-13,alice803@example.com,54,Excellent,8
141,Hannah,IT,39775.59,2019-05-21,hannah141@example.com,42,Excellent,1
609,Diana,Finance,83269.35,2020-08-31,diana609@example.com,56,Good,8
402,Diana,HR,34772.06,2020-02-06,diana402@example.com,31,Average,3
71,Bob,HR,81317.91,2019-03-12,bob71@example.com,28,Excellent,5
101,George,HR,53590.22,2019-04-11,george101@example.com,35,Good,4
202,Hannah,Marketing,76774.9,2019-07-21,hannah202@example.com,40,Excellent,1
547,Evan,IT,56051.69,2020-06-30,evan547@example.com,50,Good,9
250,Charlie,Finance,47959.39,2019-09-07,charlie250@example.com,59,Average,4
5,Charlie,Marketing,74550.12,2019-01-05,charlie5@example.com,22,Average,6
484,Fiona,Sales,60632.22,2020-04-28,fiona484@example.com,39,Excellent,4
878,Bob,IT,34874.88,2021-05-27,bob878@example.com,56,Excellent,9
321,Hannah,HR,53310.13,2019-11-17,hannah321@example.com,20,Poor,1
942,Evan,Finance,71525.51,2021-07-30,evan942@example.com,32,Excellent,1
611,Evan,HR,82201.36,2020-09-02,evan611@example.com,50,Poor,6
318,Alice,Finance,75561.42,2019-11-14,alice318@example.com,38,Excellent,3
712,Bob,Marketing,83157.88,2020-12-12,bob712@example.com,59,Excellent,2
303,Charlie,HR,49191.25,2019-10-30,charlie303@example.com,43,Excellent,8
846,Evan,Marketing,90072.39,2021-04-25,evan846@example.com,50,Poor,6
830,Hannah,Marketing,59243.27,2021-04-09,hannah830@example.com,22,Excellent,3
406,Diana,IT,68467.07,2020-02-10,diana406@example.com,32,Excellent,9
845,Evan,Sales,43118.84,2021-04-24,evan845@example.com,24,Poor,1
788,Hannah,HR,34564.32,2021-02-26,hannah788@example.com,52,Excellent,7
199,Evan,IT,45908.87,2019-07-18,evan199@example.com,29,Excellent,6
57,Hannah,Sales,90692.2,2019-02-26,hannah57@example.com,32,Good,6
681,Hannah,Sales,50910.79,2020-11-11,hannah681@example.com,25,Average,8
299,Evan,IT,38987.6,2019-10-26,evan299@example.com,31,Average,1
119,Hannah,HR,48882.47,2019-04-29,hannah119@example.com,47,Excellent,5
622,Bob,Sales,80544.97,2020-09-13,bob622@example.com,27,Poor,8
867,Evan,Marketing,75580.33,2021-05-16,evan867@example.com,28,Poor,1
546,Hannah,HR,45723.09,2020-06-29,hannah546@example.com,45,Good,2
821,George,HR,75800.48,2021-03-31,george821@example.com,48,Good,2
116,Diana,Finance,90778.99,2019-04-26,diana116@example.com,23,Average,4
641,Fiona,Finance,77352.76,2020-10-02,fiona641@example.com,55,Good,9
655,Fiona,Finance,52973.49,2020-10-16,fiona655@example.com,52,Poor,5
18,Hannah,IT,92637.17,2019-01-18,hannah18@example.com,56,Excellent,5
991,Bob,HR,39801.69,2021-09-17,bob991@example.com,53,Excellent,2
174,Diana,,58483.56,2019-06-23,diana174@example.com,56,Average,4
595,Diana,Finance,80852.32,2020-08-17,diana595@example.com,22,Excellent,3
990,Hannah,HR,33195.41,2021-09-16,hannah990@example.com,53,Poor,6
732,Alice,,48211.05,2021-01-01,alice732@example.com,42,Poor,1
851,George,HR,62981.75,2021-04-30,george851@example.com,49,Average,6
255,Alice,IT,33038.88,2019-09-12,alice255@example.com,53,Excellent,8
863,Bob,Sales,39938.04,2021-05-12,bob863@example.com,32,Average,3
747,Charlie,HR,89543.12,2021-01-16,charlie747@example.com,55,Excellent,1
577,Evan,Sales,87244.97,2020-07-30,evan577@example.com,44,Good,7
76,Bob,HR,46628.03,2019-03-17,bob76@example.com,24,Excellent,2
249,Alice,Finance,69711.86,2019-09-06,alice249@example.com,54,Good,4
605,George,HR,54876.92,2020-08-27,george605@example.com,34,Poor,1
298,George,HR,99387.92,2019-10-25,george298@example.com,38,Average,1
66,Bob,,71464.52,2019-03-07,bob66@example.com,31,Excellent,5
499,Alice,Sales,65855.53,2020-05-13,alice499@example.com,41,Average,3
372,Hannah,Sales,89599.75,2020-01-07,hannah372@example.com,31,Good,2
281,Diana,Marketing,45171.79,2019-10-08,diana281@example.com,55,Excellent,6
791,Fiona,Finance,67709.13,2021-03-01,fiona791@example.com,39,Excellent,9
434,Hannah,Sales,99768.78,2020-03-09,hannah434@example.com,44,Average,6
563,George,IT,82852.94,2020-07-16,george563@example.com,50,Good,5
179,Alice,HR,91496.09,2019-06-28,alice179@example.com,32,Average,5
798,George,Sales,97513.37,2021-03-08,george798@example.com,31,Average,5
524,George,HR,83845.62,2020-06-07,george524@example.com,47,Good,6
938,Evan,HR,33370,2021-07-26,evan938@example.com,45,Poor,4
998,Diana,IT,49647.83,2021-09-24,diana998@example.com,37,Poor,9
508,Charlie,Sales,81625.59,2020-05-22,charlie508@example.com,24,Good,3
24,Hannah,IT,81211.27,2019-01-24,hannah24@example.com,35,Poor,4
270,Charlie,Marketing,49236.42,2019-09-27,charlie270@example.com,46,Good,7
724,Alice,IT,92988.33,2020-12-24,alice724@example.com,24,Poor,7
904,George,Sales,90519.45,2021-06-22,george904@example.com,28,Good,7
403,Charlie,IT,31806.83,2020-02-07,charlie403@example.com,48,Average,6
959,Bob,HR,,2021-08-16,bob959@example.com,57,Average,8
715,Hannah,HR,34575.63,2020-12-15,hannah715@example.com,34,Poor,1
245,George,Sales,42700.68,2019-09-02,george245@example.com,52,Good,6
716,Hannah,HR,64129.98,2020-12-16,hannah716@example.com,35,Average,9
582,Alice,Finance,67956.6,2020-08-04,alice582@example.com,37,Poor,5
536,Fiona,,50497.54,2020-06-19,,,,
386,Hannah,Marketing,78646.58,2020-01-21,hannah386@example.com,58,Excellent,5
346,George,Finance,94890.07,2019-12-12,george346@example.com,54,Excellent,9
137,Alice,Sales,61831.79,2019-05-17,alice137@example.com,23,Excellent,2
781,Alice,HR,,2021-02-19,alice781@example.com,50,Poor,9
627,Evan,Sales,78693.27,2020-09-18,evan627@example.com,40,Poor,7
324,Bob,Sales,76328.74,2019-11-20,bob324@example.com,29,Poor,1
86,Charlie,IT,71506.56,2019-03-27,charlie86@example.com,26,Poor,5
704,Hannah,HR,34827.06,2020-12-04,hannah704@example.com,20,Good,5
188,George,Marketing,38414.63,2019-07-07,george188@example.com,26,Excellent,1
107,Fiona,IT,41692.93,2019-04-17,fiona107@example.com,53,Average,8
539,Evan,Sales,70769.59,2020-06-22,evan539@example.com,57,Poor,3
483,Evan,Marketing,78169.43,2020-04-27,evan483@example.com,51,Excellent,4
209,Fiona,HR,31794.94,2019-07-28,fiona209@example.com,49,Average,1
75,Evan,HR,42577.82,2019-03-16,evan75@example.com,54,Excellent,8
638,George,IT,69303.92,2020-09-29,,,,
48,George,Sales,62383.61,2019-02-17,george48@example.com,30,Average,1
898,Diana,,93503.65,2021-06-16,diana898@example.com,59,Excellent,1
40,Charlie,Marketing,99743.37,2019-02-09,charlie40@example.com,51,Excellent,8
888,Fiona,Sales,44885.11,2021-06-06,fiona888@example.com,31,Poor,4
477,Alice,HR,62161.27,2020-04-21,alice477@example.com,27,Poor,8
631,Alice,HR,85593.81,2020-09-22,alice631@example.com,27,Average,8
22,Evan,HR,75050.44,2019-01-22,evan22@example.com,43,Poor,6
869,George,Marketing,54666.25,2021-05-18,george869@example.com,50,Poor,3
296,Diana,Sales,80231.84,2019-10-23,diana296@example.com,24,Poor,4
920,Hannah,Finance,97396.72,2021-07-08,hannah920@example.com,38,Average,2
682,Evan,IT,,2020-11-12,evan682@example.com,21,Excellent,4
124,George,IT,38547.69,2019-05-04,george124@example.com,20,Average,6
306,Evan,HR,92593.36,2019-11-02,evan306@example.com,42,Excellent,8
435,Diana,HR,86977.92,2020-03-10,diana435@example.com,59,Good,4
565,Diana,Marketing,88939.9,2020-07-18,diana565@example.com,21,Average,8
874,Alice,IT,38838.53,2021-05-23,alice874@example.com,24,Excellent,4
530,Bob,Marketing,84224.36,2020-06-13,bob530@example.com,47,Good,9
450,Fiona,IT,30772.19,2020-03-25,fiona450@example.com,47,Good,5
751,Hannah,Sales,90209.78,2021-01-20,hannah751@example.com,20,Average,7
70,Fiona,Marketing,74209.22,2019-03-11,fiona70@example.com,47,Good,2
27,Fiona,Sales,47297.23,2019-01-27,fiona27@example.com,28,Poor,5
279,Alice,Finance,81581.16,2019-10-06,alice279@example.com,36,Excellent,2
165,Bob,Finance,45097.26,2019-06-14,bob165@example.com,23,Excellent,5
351,Diana,Finance,36238.71,2019-12-17,diana351@example.com,49,Good,1
819,Diana,Finance,42895.74,2021-03-29,diana819@example.com,34,Average,2
535,Charlie,IT,85909.99,2020-06-18,charlie535@example.com,49,Good,1
310,Fiona,Finance,54849.74,2019-11-06,fiona310@example.com,51,Average,1
302,Alice,HR,70487.08,2019-10-29,alice302@example.com,49,Excellent,5
316,Hannah,HR,67800.83,2019-11-12,hannah316@example.com,41,Average,6
764,Bob,IT,58823.59,2021-02-02,bob764@example.com,55,Good,3
525,Bob,IT,73726.45,2020-06-08,bob525@example.com,21,Poor,6
53,Charlie,Sales,54215.45,2019-02-22,charlie53@example.com,40,Good,1
838,Evan,IT,,2021-04-17,evan838@example.com,33,Average,4
223,Fiona,Finance,75323.23,2019-08-11,fiona223@example.com,48,Poor,8
478,Hannah,Marketing,84951.16,2020-04-22,hannah478@example.com,50,Poor,5
750,Bob,Finance,38033.82,2021-01-19,bob750@example.com,32,Good,6
487,Charlie,IT,32689.84,2020-05-01,charlie487@example.com,44,Good,9
861,Diana,Marketing,37044.62,2021-05-10,diana861@example.com,23,Poor,6
104,Diana,Marketing,47410,2019-04-14,diana104@example.com,44,Excellent,3
485,Evan,Sales,47826.94,2020-04-29,evan485@example.com,53,Poor,5
652,Hannah,HR,66208.83,2020-10-13,hannah652@example.com,57,Excellent,9
551,Alice,Sales,96015.31,2020-07-04,alice551@example.com,58,Poor,3
823,Fiona,,60822.64,2021-04-02,fiona823@example.com,48,Average,3
743,Bob,Finance,37986.7,2021-01-12,bob743@example.com,26,Excellent,9
930,Alice,Finance,46932.57,2021-07-18,alice930@example.com,26,Good,6
923,Alice,Finance,88057.63,2021-07-11,alice923@example.com,52,Average,4
365,George,Marketing,57788.71,2019-12-31,george365@example.com,23,Good,9
143,Diana,IT,51555.1,2019-05-23,diana143@example.com,43,Average,5
292,Charlie,Finance,39550.78,2019-10-19,charlie292@example.com,28,Excellent,5
259,Hannah,IT,87343.22,2019-09-16,hannah259@example.com,32,Excellent,2
840,Evan,Sales,66917.97,2021-04-19,evan840@example.com,47,Poor,9
330,Hannah,Sales,97033.77,2019-11-26,hannah330@example.com,46,Excellent,6
413,Fiona,Marketing,74857.84,2020-02-17,fiona413@example.com,25,Poor,4
844,George,Sales,81204.75,2021-04-23,george844@example.com,24,Average,9
713,Alice,IT,61481.79,2020-12-13,alice713@example.com,35,Average,1
889,Diana,Finance,32323.25,2021-06-07,diana889@example.com,55,Average,7
560,Fiona,IT,89256,2020-07-13,fiona560@example.com,52,Excellent,5
331,Alice,Finance,42271.21,2019-11-27,alice331@example.com,47,Good,2
359,Alice,Marketing,48417.88,2019-12-25,alice359@example.com,33,Good,6
796,George,IT,56629.4,2021-03-06,george796@example.com,35,Good,3
985,Hannah,IT,74387.28,2021-09-11,hannah985@example.com,28,Excellent,1
908,Charlie,Marketing,37750.44,2021-06-26,charlie908@example.com,38,Average,7
15,Hannah,HR,53761.51,2019-01-15,hannah15@example.com,41,Good,5
163,Hannah,Sales,78266.87,2019-06-12,hannah163@example.com,31,Poor,4
455,Evan,Marketing,83220.29,2020-03-30,evan455@example.com,31,Average,2
131,Diana,IT,,2019-05-11,diana131@example.com,54,Average,7
488,Diana,HR,93123.34,2020-05-02,diana488@example.com,31,Poor,2
807,Hannah,Sales,94056.3,2021-03-17,hannah807@example.com,29,Good,4
261,Alice,HR,45965.58,2019-09-18,alice261@example.com,28,Good,3
157,George,,64802.23,2019-06-06,george157@example.com,49,Excellent,4
353,Alice,Sales,38939.94,2019-12-19,alice353@example.com,58,Good,5
415,Charlie,Finance,73371.16,2020-02-19,charlie415@example.com,24,Average,3
522,George,Finance,97750.2,2020-06-05,george522@example.com,54,Good,9
706,Evan,Sales,49753.1,2020-12-06,evan706@example.com,29,Poor,9
420,Fiona,HR,62186.03,2020-02-24,fiona420@example.com,32,Excellent,7
210,Evan,HR,53887.35,2019-07-29,evan210@example.com,40,Poor,3
822,Diana,Sales,40647.3,2021-04-01,diana822@example.com,34,Poor,7
767,Evan,Finance,34359.12,2021-02-05,evan767@example.com,37,Good,4
954,Diana,HR,88196.15,2021-08-11,diana954@example.com,45,Poor,8
288,Evan,Sales,57363.42,2019-10-15,evan288@example.com,31,Poor,2
77,Diana,Sales,97997.66,2019-03-18,diana77@example.com,53,Excellent,4
833,Charlie,Sales,74426.99,2021-04-12,charlie833@example.com,39,Poor,8
207,Hannah,Sales,66335.72,2019-07-26,hannah207@example.com,33,Poor,3
293,Alice,IT,78660.12,2019-10-20,alice293@example.com,23,Poor,8
266,Bob,Finance,93001.62,2019-09-23,bob266@example.com,26,Excellent,6
856,Evan,Finance,87977.45,2021-05-05,evan856@example.com,49,Poor,4
857,Charlie,Finance,53464.56,2021-05-06,charlie857@example.com,28,Average,9
714,Diana,Sales,84369.74,2020-12-14,diana714@example.com,36,Good,2
262,Fiona,Sales,44843.14,2019-09-19,fiona262@example.com,36,Excellent,6
542,Bob,HR,75953.5,2020-06-25,bob542@example.com,47,Poor,2
828,Bob,Marketing,65364.47,2021-04-07,,,,
69,Diana,IT,73607.66,2019-03-10,diana69@example.com,52,Good,3
511,Alice,,54479.23,2020-05-25,alice511@example.com,57,Poor,7
865,Diana,Marketing,61524.57,2021-05-14,diana865@example.com,54,Good,7
981,Diana,HR,96537.17,2021-09-07,diana981@example.com,44,Poor,4
254,Evan,,68515.86,2019-09-11,evan254@example.com,39,Excellent,8
976,Bob,Finance,65865.46,2021-09-02,bob976@example.com,33,Poor,4
125,Evan,Sales,61653.93,2019-05-05,evan125@example.com,58,Average,8
697,George,Sales,83585.9,2020-11-27,george697@example.com,49,Good,3
373,Bob,IT,44595.74,2020-01-08,bob373@example.com,24,Poor,8
900,Charlie,Finance,69230.84,2021-06-18,charlie900@example.com,49,Average,9
465,Diana,Marketing,37681.53,2020-04-09,diana465@example.com,52,Poor,7
984,Evan,HR,65438.62,2021-09-10,evan984@example.com,29,Average,5
873,Bob,HR,74389.95,2021-05-22,bob873@example.com,32,Excellent,3
684,Diana,IT,60075.98,2020-11-14,diana684@example.com,42,Good,9
924,George,Finance,49706.48,2021-07-12,george924@example.com,38,Average,8
971,Hannah,Sales,72496.27,2021-08-28,hannah971@example.com,25,Good,8
480,Diana,Finance,96873.43,2020-04-24,diana480@example.com,26,Poor,3
721,Bob,Marketing,67269.45,2020-12-21,bob721@example.com,34,Average,2
201,George,Sales,72241.4,2019-07-20,george201@example.com,46,Average,6
561,Diana,Sales,94324.86,2020-07-14,diana561@example.com,40,Good,4
317,Charlie,Marketing,91605.54,2019-11-13,charlie317@example.com,46,Excellent,7
859,Bob,HR,79840.98,2021-05-08,bob859@example.com,21,Poor,3
812,Charlie,Finance,52173.32,2021-03-22,charlie812@example.com,55,Average,2
722,Charlie,Marketing,58776.69,2020-12-22,charlie722@example.com,45,Excellent,2
138,Alice,HR,66091.72,2019-05-18,alice138@example.com,28,Poor,3
774,Diana,IT,48103.46,2021-02-12,diana774@example.com,58,Average,8
80,Diana,Finance,64459.45,2019-03-21,,,,
893,Alice,IT,90984.31,2021-06-11,alice893@example.com,53,Average,9
777,Alice,Finance,82972.61,2021-02-15,alice777@example.com,45,Excellent,3
988,Diana,HR,55329.72,2021-09-14,diana988@example.com,44,Poor,6
818,Charlie,HR,,2021-03-28,charlie818@example.com,44,Excellent,4
744,Evan,IT,40587.28,2021-01-13,evan744@example.com,51,Good,9
56,Diana,Finance,32807.64,2019-02-25,diana56@example.com,59,Poor,6
786,Alice,IT,84040.87,2021-02-24,,,,
808,Alice,Finance,67312.02,2021-03-18,alice808@example.com,36,Excellent,3
773,Alice,Sales,44095.46,2021-02-11,alice773@example.com,55,Poor,7
29,Hannah,HR,91024.85,2019-01-29,hannah29@example.com,34,Average,2
489,Alice,Sales,62303.42,2020-05-03,alice489@example.com,26,Excellent,2
393,Hannah,HR,94593,2020-01-28,hannah393@example.com,25,Poor,7
884,Hannah,,75001.73,2021-06-02,hannah884@example.com,22,Average,4
705,Evan,Marketing,33993.83,2020-12-05,evan705@example.com,43,Good,5
940,Bob,Sales,89658.47,2021-07-28,bob940@example.com,41,Poor,7
214,George,Finance,67352.18,2019-08-02,george214@example.com,50,Average,5
377,Diana,HR,56643.63,2020-01-12,diana377@example.com,37,Good,9
656,Evan,Sales,60381.36,2020-10-17,evan656@example.com,28,Excellent,7
169,George,Marketing,37461.51,2019-06-18,george169@example.com,39,Poor,2
690,Bob,Sales,63807.82,2020-11-20,bob690@example.com,58,Good,4
269,George,Sales,84636.79,2019-09-26,george269@example.com,36,Excellent,2
630,George,HR,54884.51,2020-09-21,george630@example.com,39,Poor,9
576,Fiona,Sales,80818.59,2020-07-29,fiona576@example.com,20,Poor,6
588,Charlie,,91132.6,2020-08-10,charlie588@example.com,57,Good,1
834,Diana,IT,41616.84,2021-04-13,diana834@example.com,44,Excellent,8
848,Bob,,67855.56,2021-04-27,bob848@example.com,51,Average,3
550,George,IT,72905.77,2020-07-03,george550@example.com,48,Good,8
160,Diana,IT,69942.68,2019-06-09,diana160@example.com,22,Excellent,9
345,Charlie,Finance,99473.85,2019-12-11,charlie345@example.com,27,Good,7
368,Bob,Marketing,66097.56,2020-01-03,bob368@example.com,44,Good,4
437,Hannah,Sales,51437.75,2020-03-12,hannah437@example.com,23,Average,1
425,Hannah,IT,98857.52,2020-02-29,hannah425@example.com,23,Good,1
38,Alice,HR,80344.12,2019-02-07,alice38@example.com,59,Average,6
495,Evan,Marketing,34665.64,2020-05-09,evan495@example.com,46,Good,4
231,Fiona,Finance,64011.02,2019-08-19,fiona231@example.com,40,Poor,2
146,George,HR,77140.27,2019-05-26,george146@example.com,50,Poor,9
623,George,Marketing,92033.7,2020-09-14,george623@example.com,27,Average,9
679,Bob,IT,49114.96,2020-11-09,bob679@example.com,22,Good,4
95,Fiona,Finance,97887.47,2019-04-05,fiona95@example.com,38,Poor,1
916,Fiona,Sales,93753.91,2021-07-04,fiona916@example.com,59,Good,8
824,George,,73070.86,2021-04-03,george824@example.com,23,Excellent,9
980,Fiona,Marketing,75655.7,2021-09-06,fiona980@example.com,59,Poor,2
25,Diana,HR,35714.1,2019-01-25,diana25@example.com,42,Average,3
709,Hannah,Finance,93437.82,2020-12-09,hannah709@example.com,47,Excellent,7
136,Evan,HR,90754.28,2019-05-16,evan136@example.com,41,Good,7
445,Diana,Finance,55743.15,2020-03-20,diana445@example.com,54,Excellent,1
438,Hannah,Finance,73672.71,2020-03-13,hannah438@example.com,33,Poor,5
339,Diana,Sales,76543.82,2019-12-05,diana339@example.com,26,Good,8
677,Diana,HR,31693.42,2020-11-07,diana677@example.com,29,Good,8
443,Alice,Sales,61484.93,2020-03-18,alice443@example.com,55,Excellent,2
517,Hannah,HR,76221.19,2020-05-31,hannah517@example.com,37,Average,9
518,Fiona,IT,83506.09,2020-06-01,fiona518@example.com,42,Excellent,5
204,Alice,IT,62444.58,2019-07-23,alice204@example.com,20,Poor,5
883,Charlie,Finance,49549.33,2021-06-01,charlie883@example.com,32,Excellent,9
33,Diana,Sales,42748.25,2019-02-02,diana33@example.com,30,Average,6
946,George,Sales,46765.71,2021-08-03,george946@example.com,52,Poor,1
911,Charlie,Finance,81793.29,2021-06-29,charlie911@example.com,34,Average,8
208,Diana,Sales,63542.73,2019-07-27,diana208@example.com,40,Poor,3
8,Evan,Sales,95534.86,2019-01-08,evan8@example.com,31,Poor,2
273,Hannah,Sales,76728.49,2019-09-30,hannah273@example.com,38,Good,4
741,George,Sales,72596.91,2021-01-10,george741@example.com,34,Average,8
9,George,Sales,33637.99,2019-01-09,george9@example.com,21,Excellent,8
265,Charlie,HR,88790.29,2019-09-22,charlie265@example.com,38,Average,4
278,Fiona,Finance,41760.99,2019-10-05,fiona278@example.com,26,Excellent,4
661,Hannah,Finance,99884.33,2020-10-22,hannah661@example.com,48,Poor,9
496,George,IT,66288.56,2020-05-10,george496@example.com,25,Good,7
784,Diana,IT,61586.75,2021-02-22,diana784@example.com,33,Excellent,7
436,Hannah,HR,,2020-03-11,hannah436@example.com,32,Average,1
931,George,HR,30868.28,2021-07-19,george931@example.com,45,Excellent,6
992,Diana,HR,49377,2021-09-18,diana992@example.com,54,Average,1
870,Fiona,Finance,88901.33,2021-05-19,fiona870@example.com,21,Excellent,5
475,Charlie,Finance,56312.18,2020-04-19,charlie475@example.com,53,Good,2
580,Bob,Marketing,88849.21,2020-08-02,bob580@example.com,22,Excellent,3
320,Fiona,Sales,52703.36,2019-11-16,fiona320@example.com,39,Average,3
192,Charlie,Sales,55652.31,2019-07-11,charlie192@example.com,24,Poor,8
592,Hannah,Marketing,62309.02,2020-08-14,hannah592@example.com,55,Average,1
10,Bob,Finance,67890.74,2019-01-10,bob10@example.com,30,Excellent,9
545,Alice,Sales,94965.85,2020-06-28,alice545@example.com,51,Average,8
894,Evan,IT,83624.53,2021-06-12,evan894@example.com,45,Excellent,4
903,Fiona,Sales,62225.08,2021-06-21,fiona903@example.com,53,Poor,6
19,Hannah,Finance,68331.47,2019-01-19,hannah19@example.com,26,Good,7
776,Evan,HR,53115.05,2021-02-14,evan776@example.com,48,Average,8
342,Diana,Marketing,46424.95,2019-12-08,diana342@example.com,57,Average,9
721,Bob,Marketing,67269.45,2020-12-21,,,,
925,Alice,HR,91092.77,2021-07-13,alice925@example.com,56,Average,5
544,Bob,HR,53678.73,2020-06-27,bob544@example.com,34,Average,6
344,Bob,IT,40669.12,2019-12-10,bob344@example.com,28,Excellent,2
11,Charlie,Sales,79634.24,2019-01-11,charlie11@example.com,47,Average,4
268,Hannah,HR,46580.94,2019-09-25,hannah268@example.com,28,Poor,2
381,Hannah,Finance,85302.13,2020-01-16,hannah381@example.com,49,Poor,1
695,Bob,Sales,60579.55,2020-11-25,,,,
583,Diana,Finance,71324.34,2020-08-05,diana583@example.com,29,Average,2
37,Diana,,,2019-02-06,diana37@example.com,26,Poor,1
110,George,Sales,81548.14,2019-04-20,george110@example.com,22,Average,7
754,Bob,HR,,2021-01-23,bob754@example.com,55,Good,8
640,Hannah,Marketing,72244.14,2020-10-01,hannah640@example.com,35,Good,2
4,George,Sales,37319.75,2019-01-04,george4@example.com,48,Average,8
173,Charlie,Finance,98402.19,2019-06-22,charlie173@example.com,35,Good,4
411,Charlie,Finance,,2020-02-15,charlie411@example.com,43,Average,4
633,Evan,Finance,71174.16,2020-09-24,evan633@example.com,48,Average,4
792,Hannah,IT,64846.88,2021-03-02,hannah792@example.com,21,Good,9
319,George,Marketing,67307.05,2019-11-15,,,,
264,Alice,HR,58771.99,2019-09-21,alice264@example.com,38,Good,8
440,Charlie,,59825.84,2020-03-15,charlie440@example.com,46,Good,7
154,Charlie,Marketing,88668.07,2019-06-03,charlie154@example.com,46,Excellent,5
829,George,Finance,97698.86,2021-04-08,george829@example.com,33,Poor,3
760,George,Finance,96198.87,2021-01-29,george760@example.com,41,Average,9
745,Charlie,HR,45772.19,2021-01-14,charlie745@example.com,23,Poor,4
84,Hannah,IT,66037.21,2019-03-25,hannah84@example.com,23,Poor,1
350,George,,73651,2019-12-16,george350@example.com,47,Excellent,5
708,Hannah,HR,47288.52,2020-12-08,hannah708@example.com,43,Poor,3
486,Fiona,IT,88861.01,2020-04-30,fiona486@example.com,35,Poor,2
89,Diana,IT,97858.86,2019-03-30,diana89@example.com,29,Average,8
529,Bob,Finance,73050.91,2020-06-12,bob529@example.com,24,Good,1
326,Fiona,HR,81145.54,2019-11-22,fiona326@example.com,58,Good,7
953,Evan,HR,34454.86,2021-08-10,evan953@example.com,52,Average,1
490,Evan,Finance,,2020-05-04,evan490@example.com,58,Excellent,9
20,Charlie,Sales,87210.84,2019-01-20,charlie20@example.com,45,Excellent,9
982,Hannah,Marketing,72045.57,2021-09-08,hannah982@example.com,32,Average,1
258,Fiona,Sales,72112.83,2019-09-15,fiona258@example.com,25,Average,9
177,Charlie,Marketing,69691.14,2019-06-26,,,,
521,Hannah,IT,,2020-06-04,hannah521@example.com,57,Average,8
993,Bob,Sales,98007.29,2021-09-19,bob993@example.com,57,Good,8
468,Alice,HR,89105,2020-04-12,alice468@example.com,54,Excellent,6
961,Alice,Sales,91528.52,2021-08-18,alice961@example.com,37,Excellent,9
167,Hannah,Finance,,2019-06-16,hannah167@example.com,50,Average,6
85,George,IT,55146.34,2019-03-26,george85@example.com,52,Poor,4
929,Fiona,Sales,36757.41,2021-07-17,fiona929@example.com,42,Average,6
448,Fiona,Finance,81353.01,2020-03-23,fiona448@example.com,32,Good,5
416,Alice,HR,75514.08,2020-02-20,alice416@example.com,51,Average,8
827,Charlie,IT,86252.25,2021-04-06,charlie827@example.com,35,Average,6
969,Fiona,IT,,2021-08-26,fiona969@example.com,33,Poor,2
877,Bob,Finance,78042.9,2021-05-26,bob877@example.com,53,Poor,2
659,Diana,Finance,71875.77,2020-10-20,diana659@example.com,32,Average,3
21,Fiona,Sales,61662.28,2019-01-21,fiona21@example.com,45,Excellent,6
639,Bob,HR,69246.21,2020-09-30,bob639@example.com,48,Good,4
624,Bob,Finance,71513.1,2020-09-15,bob624@example.com,52,Average,9
711,George,IT,,2020-12-11,george711@example.com,35,Poor,6
983,Diana,Marketing,82051.57,2021-09-09,diana983@example.com,40,Excellent,2
457,Fiona,Sales,67471.71,2020-04-01,fiona457@example.com,24,Average,1
408,Hannah,IT,60274.85,2020-02-12,hannah408@example.com,23,Average,4
481,Diana,Finance,85083.24,2020-04-25,diana481@example.com,21,Good,6
226,Bob,,94892.42,2019-08-14,bob226@example.com,50,Excellent,9
809,Fiona,IT,41056.84,2021-03-19,fiona809@example.com,24,Excellent,1
896,Diana,IT,,2021-06-14,,,,
933,Alice,Marketing,51088.57,2021-07-21,alice933@example.com,31,Excellent,6
691,Bob,IT,39343.6,2020-11-21,bob691@example.com,43,Average,9
106,Bob,Sales,79474.41,2019-04-16,bob106@example.com,31,Excellent,7
843,Alice,,35558.46,2021-04-22,,,,
761,Diana,IT,89498.28,2021-01-30,diana761@example.com,43,Average,7
542,Bob,HR,75953.5,2020-06-25,,,,
882,Fiona,Marketing,88592.88,2021-05-31,fiona882@example.com,22,Good,6
746,Bob,IT,,2021-01-15,bob746@example.com,39,Good,1
406,Diana,IT,68467.07,2020-02-10,,,,
42,George,Sales,75522.8,2019-02-11,george42@example.com,34,Poor,6
500,Diana,Marketing,77615.94,2020-05-14,diana500@example.com,39,Excellent,1
62,George,IT,91139.63,2019-03-03,george62@example.com,59,Poor,1
82,Diana,Marketing,90952.49,2019-03-23,diana82@example.com,30,Average,7
87,Fiona,Finance,41446.67,2019-03-28,fiona87@example.com,27,Excellent,5
218,Evan,Sales,80268.62,2019-08-06,evan218@example.com,55,Poor,9
380,Alice,HR,86414.78,2020-01-15,,,,
800,Charlie,Sales,66633.07,2021-03-10,charlie800@example.com,26,Excellent,2
503,Evan,IT,80142.64,2020-05-17,evan503@example.com,48,Average,8
120,Evan,Finance,,2019-04-30,,,,
528,Bob,HR,38497.05,2020-06-11,bob528@example.com,35,Poor,9
200,Charlie,,35123.71,2019-07-19,charlie200@example.com,57,Good,2
289,Alice,Sales,71613.34,2019-10-16,alice289@example.com,23,Excellent,5
161,George,Marketing,32127.09,2019-06-10,george161@example.com,41,Excellent,1
945,Evan,Finance,35527.84,2021-08-02,evan945@example.com,42,Good,1
512,Bob,Marketing,84225.75,2020-05-26,bob512@example.com,56,Poor,9
935,Hannah,Marketing,50806.65,2021-07-23,hannah935@example.com,24,Good,2
39,Alice,Sales,45991.83,2019-02-08,alice39@example.com,47,Good,7
772,Evan,Marketing,85039.47,2021-02-10,evan772@example.com,40,Good,7
634,Alice,Sales,63668.1,2020-09-25,alice634@example.com,28,Average,1
482,Fiona,Marketing,52078.48,2020-04-26,fiona482@example.com,25,Average,5
197,Bob,Marketing,46628.09,2019-07-16,bob197@example.com,24,Poor,1
121,Hannah,Finance,67181.87,2019-05-01,hannah121@example.com,31,Poor,5
132,Evan,Marketing,97558.31,2019-05-12,evan132@example.com,58,Good,9
463,Fiona,Marketing,97170.37,2020-04-07,fiona463@example.com,32,Good,9
456,Charlie,HR,39597.68,2020-03-31,charlie456@example.com,43,Average,5
637,Alice,HR,70598.87,2020-09-28,alice637@example.com,45,Excellent,6
113,Hannah,Finance,89091.93,2019-04-23,hannah113@example.com,54,Poor,9
97,Bob,Sales,,2019-04-07,bob97@example.com,31,Poor,8
775,Bob,Finance,,2021-02-13,bob775@example.com,58,Poor,6
309,Hannah,Finance,45865.95,2019-11-05,hannah309@example.com,34,Poor,6
312,George,Finance,66334.19,2019-11-08,george312@example.com,34,Poor,3
608,Hannah,Sales,30366.07,2020-08-30,hannah608@example.com,35,Excellent,6
286,Charlie,Marketing,68268.82,2019-10-13,charlie286@example.com,24,Good,1
862,Alice,Marketing,46791.19,2021-05-11,alice862@example.com,44,Average,2
701,Bob,Marketing,82596.26,2020-12-01,bob701@example.com,41,Good,1
604,Fiona,HR,43161.73,2020-08-26,,,,
470,Diana,Finance,64176.88,2020-04-14,diana470@example.com,24,Good,2
703,Alice,IT,,2020-12-03,alice703@example.com,32,Excellent,8
327,Charlie,Marketing,62564.39,2019-11-23,charlie327@example.com,41,Poor,7
974,Charlie,Marketing,79184.36,2021-08-31,charlie974@example.com,31,Excellent,1
881,Evan,Marketing,45902.57,2021-05-30,evan881@example.com,25,Excellent,6
120,Evan,Finance,,2019-04-30,evan120@example.com,35,Average,1
581,Fiona,HR,81296.11,2020-08-03,fiona581@example.com,21,Poor,1
248,Alice,Sales,37481.38,2019-09-05,alice248@example.com,40,Excellent,7
737,Diana,Marketing,43866.83,2021-01-06,diana737@example.com,26,Poor,4
621,Diana,Finance,61402.74,2020-09-12,diana621@example.com,30,Average,1
973,Alice,HR,71418.8,2021-08-30,alice973@example.com,58,Excellent,4
879,Evan,IT,42241.7,2021-05-28,evan879@example.com,49,Poor,7
412,Hannah,Finance,37396.53,2020-02-16,hannah412@example.com,36,Average,5
433,Evan,Marketing,65659.55,2020-03-08,evan433@example.com,50,Average,7
816,Evan,Finance,98846.5,2021-03-26,evan816@example.com,48,Excellent,9
699,Bob,,72715.76,2020-11-29,bob699@example.com,30,Excellent,1
866,Alice,Marketing,82417.84,2021-05-15,alice866@example.com,42,Good,6
589,Diana,Marketing,74540.39,2020-08-11,diana589@example.com,50,Good,1
934,Alice,IT,71885.02,2021-07-22,alice934@example.com,27,Average,5
553,Evan,HR,38505.1,2020-07-06,evan553@example.com,22,Excellent,6
119,Hannah,HR,48882.47,2019-04-29,,,,
986,Bob,IT,34965.26,2021-09-12,bob986@example.com,34,Average,7
650,Evan,IT,79537.67,2020-10-11,evan650@example.com,57,Excellent,7
564,George,Sales,62237.76,2020-07-17,george564@example.com,57,Good,4
717,Charlie,Sales,,2020-12-17,charlie717@example.com,34,Poor,8
470,Diana,Finance,64176.88,2020-04-14,,,,
23,Bob,HR,66848.19,2019-01-23,,,,
31,Evan,Finance,98310.57,2019-01-31,evan31@example.com,32,Good,8
965,George,Sales,52186.26,2021-08-22,george965@example.com,29,Excellent,3
671,Alice,Finance,70031.06,2020-11-01,alice671@example.com,21,Excellent,6
710,Hannah,Sales,47468.23,2020-12-10,hannah710@example.com,55,Good,9
325,Fiona,Finance,69044.84,2019-11-21,fiona325@example.com,51,Excellent,8
797,Evan,IT,84292.83,2021-03-07,evan797@example.com,23,Poor,1
673,Fiona,Marketing,42913.34,2020-11-03,fiona673@example.com,28,Average,1
839,Diana,Finance,69182.9,2021-04-18,,,,
423,Fiona,,34044.64,2020-02-27,fiona423@example.com,43,Good,7
307,Diana,IT,43430.71,2019-11-03,diana307@example.com,36,Poor,6
55,George,HR,99135.47,2019-02-24,george55@example.com,58,Average,7
396,Diana,HR,83536.69,2020-01-31,diana396@example.com,22,Good,6
497,Charlie,IT,40511.83,2020-05-11,charlie497@example.com,57,Excellent,1
333,Diana,HR,44065.36,2019-11-29,diana333@example.com,58,Poor,1
144,Hannah,Sales,79327.65,2019-05-24,hannah144@example.com,59,Excellent,7
44,Hannah,Finance,77615.98,2019-02-13,hannah44@example.com,40,Excellent,3
142,Alice,HR,32098.15,2019-05-22,alice142@example.com,21,Poor,9
334,Charlie,Sales,67507.94,2019-11-30,charlie334@example.com,48,Excellent,9
790,George,Finance,93645.41,2021-02-28,george790@example.com,58,Excellent,6
686,Fiona,IT,88935.35,2020-11-16,fiona686@example.com,31,Poor,4
403,Charlie,IT,31806.83,2020-02-07,,,,
502,Evan,IT,35935.44,2020-05-16,evan502@example.com,34,Excellent,9
650,Evan,IT,79537.67,2020-10-11,,,,
756,Fiona,Marketing,,2021-01-25,fiona756@example.com,35,Good,7
777,Alice,Finance,82972.61,2021-02-15,,,,
451,Fiona,Marketing,59130.78,2020-03-26,fiona451@example.com,45,Good,6
828,Bob,Marketing,65364.47,2021-04-07,bob828@example.com,30,Poor,8
759,Alice,Sales,41604.22,2021-01-28,alice759@example.com,24,Poor,7
541,George,Marketing,86823.89,2020-06-24,george541@example.com,42,Good,4
267,Diana,Finance,54739.5,2019-09-24,diana267@example.com,39,Average,9
600,Fiona,IT,44282.49,2020-08-22,fiona600@example.com,45,Poor,3
294,Bob,Marketing,58302.31,2019-10-21,bob294@example.com,43,Good,4
227,Evan,HR,34218.72,2019-08-15,evan227@example.com,25,Good,5
62,George,IT,91139.63,2019-03-03,,,,
41,Charlie,HR,98235.52,2019-02-10,charlie41@example.com,54,Average,7
282,Diana,Sales,36700.02,2019-10-09,diana282@example.com,59,Good,5
213,Evan,Marketing,70612.07,2019-08-01,evan213@example.com,24,Good,1
735,Bob,Marketing,47957.1,2021-01-04,bob735@example.com,22,Good,7
915,Diana,Sales,50455.28,2021-07-03,diana915@example.com,46,Average,1
229,Alice,Finance,54613.59,2019-08-17,alice229@example.com,26,Excellent,1
277,Alice,Marketing,71062.59,2019-10-04,alice277@example.com,37,Good,8
452,Fiona,HR,63694.09,2020-03-27,fiona452@example.com,41,Good,1
663,Evan,HR,,2020-10-24,evan663@example.com,47,Poor,2
233,Diana,,49941.1,2019-08-21,diana233@example.com,35,Excellent,9
853,Evan,IT,62148.56,2021-05-02,evan853@example.com,48,Excellent,7
471,Evan,Finance,40503.41,2020-04-15,evan471@example.com,45,Average,2
387,Charlie,HR,54226.98,2020-01-22,charlie387@example.com,53,Good,9
176,Fiona,Sales,84766.98,2019-06-25,fiona176@example.com,34,Excellent,4
876,Charlie,IT,52757.28,2021-05-25,charlie876@example.com,44,Average,8
731,Charlie,Sales,59315.53,2020-12-31,charlie731@example.com,58,Good,4
782,Charlie,Finance,90940.49,2021-02-20,charlie782@example.com,28,Good,2
241,Bob,,58948.44,2019-08-29,bob241@example.com,37,Poor,6
388,George,HR,98292.71,2020-01-23,george388@example.com,25,Excellent,6
858,Charlie,IT,42163.31,2021-05-07,charlie858@example.com,45,Average,5
1000,Charlie,IT,66160.08,2021-09-26,charlie1000@example.com,28,Poor,6
100,Evan,IT,66384.18,2019-04-10,evan100@example.com,37,Good,4
963,Fiona,IT,66221.24,2021-08-20,fiona963@example.com,27,Poor,9
601,Evan,IT,68855.95,2020-08-23,evan601@example.com,57,Poor,6
285,Bob,Sales,72496.58,2019-10-12,bob285@example.com,44,Average,8
467,Hannah,Sales,61806.41,2020-04-11,hannah467@example.com,35,Average,6
805,Fiona,IT,85853.99,2021-03-15,fiona805@example.com,36,Good,5
914,Bob,Marketing,90083.92,2021-07-02,bob914@example.com,42,Good,7
643,Hannah,HR,48887.45,2020-10-04,hannah643@example.com,56,Good,3
513,George,Finance,76295.94,2020-05-27,george513@example.com,49,Excellent,2
492,Evan,Finance,92658.24,2020-05-06,evan492@example.com,30,Average,7
571,Fiona,Finance,98926.88,2020-07-24,fiona571@example.com,54,Good,4
479,Alice,IT,92445.93,2020-04-23,alice479@example.com,30,Poor,2
186,Evan,Marketing,60490.83,2019-07-05,evan186@example.com,39,Poor,8
501,George,Finance,32917.1,2020-05-15,george501@example.com,44,Poor,6
909,George,Finance,59578.39,2021-06-27,george909@example.com,24,Excellent,4
291,Alice,Finance,99144.99,2019-10-18,alice291@example.com,48,Poor,7
129,Diana,Sales,32910.1,2019-05-09,diana129@example.com,46,Excellent,8
786,Alice,IT,84040.87,2021-02-24,alice786@example.com,21,Excellent,8
936,Alice,Finance,50994.34,2021-07-24,alice936@example.com,47,Good,4
184,Charlie,HR,83359.96,2019-07-03,charlie184@example.com,55,Excellent,4
687,Fiona,IT,43027.1,2020-11-17,fiona687@example.com,41,Good,9
586,George,HR,69551.54,2020-08-08,george586@example.com,21,Excellent,1
620,Charlie,Marketing,55781.67,2020-09-11,charlie620@example.com,44,Excellent,4
785,Bob,Marketing,98949.28,2021-02-23,bob785@example.com,56,Excellent,2
591,Alice,Finance,41205.01,2020-08-13,alice591@example.com,31,Average,2
260,Charlie,Marketing,91894.45,2019-09-17,charlie260@example.com,42,Good,6
693,Evan,Finance,80955.75,2020-11-23,evan693@example.com,20,Poor,9
51,George,Finance,81989.46,2019-02-20,george51@example.com,42,Average,4
628,Fiona,,30225.28,2020-09-19,fiona628@example.com,27,Average,5
28,Bob,IT,41168.13,2019-01-28,bob28@example.com,51,Average,2
506,Alice,Marketing,,2020-05-20,alice506@example.com,52,Good,6
68,Alice,Finance,44746.35,2019-03-09,alice68@example.com,56,Good,3
837,Charlie,IT,41356.34,2021-04-16,charlie837@example.com,23,Poor,1
232,Diana,Sales,47974.36,2019-08-20,diana232@example.com,47,Good,6
832,Evan,Finance,76754.4,2021-04-11,evan832@example.com,37,Good,3
778,Hannah,Finance,66357.01,2021-02-16,hannah778@example.com,40,Excellent,1
672,Fiona,IT,71143.86,2020-11-02,fiona672@example.com,44,Average,4
300,Hannah,Finance,37287.68,2019-10-27,hannah300@example.com,37,Poor,8
625,Evan,Finance,57406.8,2020-09-16,evan625@example.com,26,Good,2
67,Diana,,93865.43,2019-03-08,diana67@example.com,45,Average,8
171,Hannah,IT,99958.96,2019-06-20,hannah171@example.com,42,Excellent,6
338,Charlie,Sales,54330.01,2019-12-04,charlie338@example.com,53,Poor,4
52,Fiona,HR,59784.53,2019-02-21,fiona52@example.com,48,Good,2
919,Diana,Marketing,31260.46,2021-07-07,diana919@example.com,46,Poor,1
533,Alice,Sales,32936.59,2020-06-16,alice533@example.com,43,Good,3
257,George,IT,96598.23,2019-09-14,george257@example.com,42,Excellent,7
557,Hannah,Sales,50013.48,2020-07-10,hannah557@example.com,57,Poor,3
311,Hannah,Finance,34859.67,2019-11-07,hannah311@example.com,28,Good,1
90,Bob,Marketing,48069.34,2019-03-31,bob90@example.com,34,Average,7
657,George,IT,36202.03,2020-10-18,george657@example.com,46,Average,4
569,George,Finance,,2020-07-22,george569@example.com,37,Poor,5
183,Fiona,HR,86549.22,2019-07-02,fiona183@example.com,33,Average,7
216,Evan,Finance,83541.83,2019-08-04,evan216@example.com,57,Good,7
826,Diana,Sales,91769.15,2021-04-05,diana826@example.com,58,Good,8
771,Evan,HR,33636.96,2021-02-09,evan771@example.com,21,Poor,9
164,Diana,IT,77355.94,2019-06-13,diana164@example.com,40,Poor,5
59,Charlie,Marketing,60703.08,2019-02-28,charlie59@example.com,35,Average,2
235,Diana,IT,86211.81,2019-08-23,diana235@example.com,39,Average,9
962,Alice,Sales,70024.06,2021-08-19,alice962@example.com,46,Good,1
886,Evan,Sales,65885.83,2021-06-04,evan886@example.com,43,Good,9
978,Hannah,HR,56915.79,2021-09-04,hannah978@example.com,42,Average,3
23,Bob,HR,66848.19,2019-01-23,bob23@example.com,31,Poor,8
780,Charlie,Sales,91448.11,2021-02-18,charlie780@example.com,35,Good,1
607,George,HR,68795.86,2020-08-29,george607@example.com,20,Good,4
947,Evan,Marketing,85620.48,2021-08-04,evan947@example.com,37,Poor,6
562,Charlie,,47656.87,2020-07-15,charlie562@example.com,58,Average,3
841,George,IT,80354.75,2021-04-20,george841@example.com,56,Average,3
817,Alice,Marketing,39849.81,2021-03-27,alice817@example.com,33,Excellent,5
950,Evan,IT,99680.63,2021-08-07,evan950@example.com,35,Average,5
134,Evan,Sales,96626.82,2019-05-14,evan134@example.com,57,Excellent,3
474,Diana,Sales,63321.27,2020-04-18,diana474@example.com,29,Poor,8
123,Bob,Sales,32754.05,2019-05-03,bob123@example.com,53,Average,7
849,George,Finance,79717,2021-04-28,george849@example.com,52,Good,9
787,George,HR,31901.72,2021-02-25,george787@example.com,33,Poor,6
999,Hannah,,44489.48,2021-09-25,hannah999@example.com,58,Average,3
619,George,IT,99743.4,2020-09-10,george619@example.com,57,Poor,6
949,Fiona,Marketing,70796.48,2021-08-06,fiona949@example.com,45,Good,1
476,Hannah,Finance,57613.34,2020-04-20,hannah476@example.com,22,Excellent,5
718,Diana,HR,34385.72,2020-12-18,diana718@example.com,53,Excellent,7
47,Hannah,Sales,48037.8,2019-02-16,hannah47@example.com,23,Poor,2
494,Fiona,Sales,72975.35,2020-05-08,fiona494@example.com,42,Excellent,6
126,Hannah,IT,95371.25,2019-05-06,hannah126@example.com,51,Excellent,5
688,Evan,Finance,86185.03,2020-11-18,evan688@example.com,56,Poor,2
799,Alice,Marketing,44263.65,2021-03-09,alice799@example.com,48,Excellent,4
896,Diana,IT,,2021-06-14,diana896@example.com,40,Good,8
391,Charlie,HR,39276.73,2020-01-26,charlie391@example.com,34,Poor,7
384,Evan,Sales,58208.61,2020-01-19,evan384@example.com,26,Good,3
766,Charlie,Finance,68180.23,2021-02-04,charlie766@example.com,55,Poor,5
417,Evan,Marketing,40641.74,2020-02-21,evan417@example.com,29,Excellent,6
523,Fiona,HR,50681.13,2020-06-06,fiona523@example.com,53,Poor,2
80,Diana,Finance,64459.45,2019-03-21,diana80@example.com,58,Average,1
462,Evan,IT,86107.6,2020-04-06,evan462@example.com,31,Average,3
801,Alice,Marketing,50099.66,2021-03-11,alice801@example.com,33,Excellent,9
543,Charlie,IT,38966.7,2020-06-26,charlie543@example.com,53,Average,1
203,George,IT,73364.32,2019-07-22,george203@example.com,27,Good,1
242,George,Marketing,38532.03,2019-08-30,george242@example.com,25,Average,3
178,Charlie,IT,81691.44,2019-06-27,charlie178@example.com,56,Good,6
770,Alice,HR,62146.79,2021-02-08,alice770@example.com,41,Poor,4
599,Diana,HR,86004.97,2020-08-21,diana599@example.com,40,Average,1
573,Alice,Marketing,33022.16,2020-07-26,alice573@example.com,50,Good,9
850,Fiona,HR,52004.51,2021-04-29,fiona850@example.com,22,Excellent,2
854,Charlie,Marketing,55045.88,2021-05-03,charlie854@example.com,22,Good,3
616,Charlie,Marketing,40422.16,2020-09-07,charlie616@example.com,46,Excellent,9
566,Bob,IT,80994.35,2020-07-19,bob566@example.com,46,Poor,4
979,Hannah,HR,64136.69,2021-09-05,hannah979@example.com,26,Poor,9
905,Charlie,,68265.38,2021-06-23,charlie905@example.com,39,Average,9
7,Evan,Marketing,32211.03,2019-01-07,evan7@example.com,59,Good,5
275,Alice,HR,73670.15,2019-10-02,alice275@example.com,24,Average,8
653,George,Finance,60813.93,2020-10-14,george653@example.com,50,Poor,8
670,George,Sales,56868.31,2020-10-31,george670@example.com,46,Poor,1
195,George,IT,57199.07,2019-07-14,george195@example.com,32,Good,9
472,Hannah,Sales,52727.31,2020-04-16,hannah472@example.com,30,Average,1
337,Evan,Marketing,82931.43,2019-12-03,evan337@example.com,50,Average,3
825,Hannah,HR,35842.49,2021-04-04,hannah825@example.com,37,Good,5
205,Diana,Finance,56585,2019-07-24,diana205@example.com,47,Poor,9
170,Fiona,Sales,76049.17,2019-06-19,fiona170@example.com,34,Good,7
638,George,IT,69303.92,2020-09-29,george638@example.com,29,Average,6
61,Charlie,HR,64066.83,2019-03-02,,,,
72,Bob,Marketing,39209.74,2019-03-13,bob72@example.com,31,Good,3
364,Bob,HR,51386.7,2019-12-30,bob364@example.com,57,Excellent,2
618,Hannah,Finance,91365.55,2020-09-09,hannah618@example.com,45,Good,2
2,Diana,HR,,2019-01-02,diana2@example.com,32,Poor,2
379,Bob,Sales,90763.97,2020-01-14,bob379@example.com,29,Excellent,9
912,Evan,,94265.36,2021-06-30,evan912@example.com,27,Excellent,5
464,Alice,,64149.78,2020-04-08,alice464@example.com,29,Poor,6
189,George,IT,68114.24,2019-07-08,george189@example.com,23,Poor,5
459,Charlie,,30848.45,2020-04-03,charlie459@example.com,58,Poor,4
461,Bob,Finance,98311.16,2020-04-05,bob461@example.com,32,Excellent,9
649,Hannah,Sales,84942.79,2020-10-10,hannah649@example.com,35,Poor,5
957,Diana,Marketing,36570.01,2021-08-14,diana957@example.com,21,Excellent,1
597,Evan,Finance,36942.47,2020-08-19,evan597@example.com,24,Good,5
166,Alice,Finance,76121.98,2019-06-15,alice166@example.com,50,Excellent,1
680,Bob,HR,66265.51,2020-11-10,bob680@example.com,25,Good,1
913,Evan,Marketing,49602.61,2021-07-01,evan913@example.com,38,Poor,6
322,Evan,HR,76864.09,2019-11-18,evan322@example.com,40,Poor,8
421,Bob,Sales,34071.47,2020-02-25,bob421@example.com,38,Good,2
427,Alice,HR,39957.46,2020-03-02,alice427@example.com,54,Average,4
868,Fiona,IT,73465,2021-05-17,fiona868@example.com,21,Good,9
428,Diana,HR,38496.95,2020-03-03,diana428@example.com,22,Poor,7
449,George,IT,83851.34,2020-03-24,george449@example.com,21,Good,2
668,Diana,IT,58693.34,2020-10-29,diana668@example.com,26,Average,3
504,Hannah,Finance,35045.9,2020-05-18,hannah504@example.com,27,Average,7
63,Evan,Marketing,93049.13,2019-03-04,evan63@example.com,35,Excellent,8
570,George,HR,,2020-07-23,george570@example.com,20,Average,4
375,Alice,Marketing,38145.65,2020-01-10,alice375@example.com,31,Excellent,1
662,Charlie,IT,95317.93,2020-10-23,charlie662@example.com,47,Average,7
666,Evan,,84995.61,2020-10-27,evan666@example.com,48,Poor,5
685,Alice,Finance,91091.12,2020-11-15,alice685@example.com,21,Average,4
81,George,Finance,47306.18,2019-03-22,george81@example.com,33,Good,7
122,Evan,Finance,95562.4,2019-05-02,evan122@example.com,24,Poor,3
147,Charlie,IT,97893.84,2019-05-27,charlie147@example.com,59,Good,1
922,George,Sales,51332.58,2021-07-10,george922@example.com,58,Average,1
336,Hannah,Sales,61525.97,2019-12-02,hannah336@example.com,27,Good,5
644,Alice,Sales,87753.46,2020-10-05,alice644@example.com,41,Excellent,1
978,Hannah,HR,56915.79,2021-09-04,,,,
115,George,HR,70974.81,2019-04-25,george115@example.com,33,Excellent,7
880,Evan,Sales,89901.61,2021-05-29,evan880@example.com,26,Poor,8
117,Alice,Marketing,44408.88,2019-04-27,alice117@example.com,48,Good,2
926,Charlie,IT,37880.63,2021-07-14,charlie926@example.com,38,Average,9
493,Alice,Marketing,74566.88,2020-05-07,alice493@example.com,25,Excellent,4
17,Diana,IT,35608.04,2019-01-17,diana17@example.com,21,Excellent,4
383,Diana,Sales,35664.35,2020-01-18,diana383@example.com,23,Good,9
112,George,Finance,63224.16,2019-04-22,george112@example.com,37,Good,7
473,Charlie,HR,81615,2020-04-17,charlie473@example.com,26,Average,5
820,Alice,Finance,92579.28,2021-03-30,alice820@example.com,25,Good,6
987,Diana,Marketing,,2021-09-13,diana987@example.com,21,Good,4
647,Evan,HR,34098.57,2020-10-08,evan647@example.com,59,Good,9
558,Fiona,HR,87116.29,2020-07-11,fiona558@example.com,30,Average,9
237,Fiona,Finance,51791.54,2019-08-25,fiona237@example.com,44,Good,3
324,Bob,Sales,76328.74,2019-11-20,,,,
32,Alice,HR,53582.71,2019-02-01,alice32@example.com,24,Excellent,1
814,Diana,Sales,93430.03,2021-03-24,diana814@example.com,37,Good,6
12,George,IT,90967.84,2019-01-12,george12@example.com,37,Poor,6
698,Bob,Sales,41123.57,2020-11-28,bob698@example.com,22,Good,4
61,Charlie,HR,64066.83,2019-03-02,charlie61@example.com,23,Good,5
74,Bob,Finance,93632.28,2019-03-15,bob74@example.com,47,Excellent,6